id,first_name,second_name,web_name,element_type,team,now_cost,minutes,goals_scored,assists,expected_goals,expected_assists,clean_sheets,goals_conceded,expected_goals_conceded,saves,bonus,total_points,yellow_cards,red_cards,full_name,position,team_name,cost_millions,minutes_played_flag,goals_per_90,assists_per_90,goal_involvements,goal_involvements_per_90,points_per_million,xg_difference,xa_difference,minutes_share
1,Folarin,Balogun,Balogun,4,1,44,0,0,0,0.0,0.0,0,0,0.0,0,0,0,0,0,Folarin Balogun,Forward,Arsenal,4.4,Low Sample,0.0,0.0,0,0.0,0.0,0.0,0.0,0.0
2,Cédric,Alves Soares,Cédric,2,1,38,59,0,0,0.0,0.02,0,0,0.39,0,0,3,0,0,Cédric Alves Soares,Defender,Arsenal,3.8,Low Sample,0.0,0.0,0,0.0,0.7894736842105263,0.0,-0.02,1.7251461988304093
3,Mohamed,Elneny,M.Elneny,3,1,44,25,0,1,0.08,0.01,0,0,0.13,0,0,6,0,0,Mohamed Elneny,Midfielder,Arsenal,4.4,Low Sample,0.0,3.5999999999999996,1,3.5999999999999996,1.3636363636363635,-0.08,0.99,0.7309941520467835
4,Fábio,Ferreira Vieira,Fábio Vieira,3,1,54,290,1,3,1.25,0.64,1,2,1.83,0,0,24,0,1,Fábio Ferreira Vieira,Midfielder,Arsenal,5.4,Low Sample,0.3103448275862069,0.9310344827586207,4,1.2413793103448276,4.444444444444444,-0.25,2.36,8.47953216374269
5,Gabriel,dos Santos Magalhães,Gabriel,2,1,54,3042,3,1,4.48,0.65,16,26,26.18,0,8,149,4,0,Gabriel dos Santos Magalhães,Defender,Arsenal,5.4,Sufficient Sample,0.08875739644970415,0.02958579881656805,4,0.1183431952662722,27.59259259259259,-1.4800000000000004,0.35,88.94736842105263
6,Kai,Havertz,Havertz,3,1,76,2627,13,10,12.36,3.88,16,22,21.03,0,15,180,11,0,Kai Havertz,Midfielder,Arsenal,7.6,Sufficient Sample,0.4453749524172059,0.34259611724400457,23,0.7879710696612104,23.68421052631579,0.6400000000000006,6.12,76.81286549707602
8,Gabriel,Fernando de Jesus,G.Jesus,4,1,77,1470,4,7,6.27,3.26,11,11,11.67,0,10,85,6,0,Gabriel Fernando de Jesus,Forward,Arsenal,7.7,Sufficient Sample,0.2448979591836735,0.4285714285714286,11,0.6734693877551021,11.03896103896104,-2.2699999999999996,3.74,42.98245614035088
9,Jorge Luiz,Frello Filho,Jorginho,3,1,53,913,0,2,0.1,1.77,4,11,8.42,0,1,44,1,0,Jorge Luiz Frello Filho,Midfielder,Arsenal,5.3,Sufficient Sample,0.0,0.19715224534501644,2,0.19715224534501644,8.30188679245283,-0.1,0.22999999999999998,26.69590643274854
10,Jakub,Kiwior,Kiwior,2,1,40,942,1,3,0.74,0.6,6,8,5.15,0,1,67,1,0,Jakub Kiwior,Defender,Arsenal,4.0,Sufficient Sample,0.09554140127388534,0.28662420382165604,4,0.38216560509554137,16.75,0.26,2.4,27.54385964912281
11,Marcus,Oliveira Alencar,Marquinhos,3,1,45,0,0,0,0.0,0.0,0,0,0.0,0,0,0,0,0,Marcus Oliveira Alencar,Midfielder,Arsenal,4.5,Low Sample,0.0,0.0,0,0.0,0.0,0.0,0.0,0.0
12,Gabriel,Martinelli Silva,Martinelli,3,1,75,2010,6,5,6.36,5.18,10,23,14.88,0,6,118,1,0,Gabriel Martinelli Silva,Midfielder,Arsenal,7.5,Sufficient Sample,0.26865671641791045,0.22388059701492538,11,0.49253731343283585,15.733333333333333,-0.3600000000000003,-0.17999999999999972,58.77192982456141
13,Eddie,Nketiah,Nketiah,4,1,50,1065,5,4,4.65,0.53,6,10,10.21,0,5,71,3,0,Eddie Nketiah,Forward,Arsenal,5.0,Sufficient Sample,0.4225352112676056,0.3380281690140845,9,0.7605633802816901,14.2,0.34999999999999964,3.4699999999999998,31.140350877192986
14,Martin,Ødegaard,Ødegaard,3,1,86,3098,8,11,7.53,10.16,19,23,25.26,0,26,186,2,0,Martin Ødegaard,Midfielder,Arsenal,8.6,Sufficient Sample,0.23240800516462232,0.3195610071013557,19,0.551969012265978,21.627906976744185,0.46999999999999975,0.8399999999999999,90.58479532163743
15,Thomas,Partey,Thomas,3,1,48,785,0,0,0.43,0.58,5,5,8.45,0,0,24,3,0,Thomas Partey,Midfielder,Arsenal,4.8,Sufficient Sample,0.0,0.0,0,0.0,5.0,-0.43,-0.58,22.953216374269005
16,Nicolas,Pépé,Pepe,3,1,49,0,0,0,0.0,0.0,0,0,0.0,0,0,0,0,0,Nicolas Pépé,Midfielder,Arsenal,4.9,Low Sample,0.0,0.0,0,0.0,0.0,0.0,0.0,0.0
17,Aaron,Ramsdale,Ramsdale,1,1,45,540,0,0,0.0,0.01,2,5,5.81,9,0,20,0,0,Aaron Ramsdale,Goalkeeper,Arsenal,4.5,Sufficient Sample,0.0,0.0,0,0.0,4.444444444444445,0.0,-0.01,15.789473684210526
18,Rúnar Alex,Rúnarsson,Rúnarsson,1,1,40,0,0,0,0.0,0.0,0,0,0.0,0,0,0,0,0,Rúnar Alex Rúnarsson,Goalkeeper,Arsenal,4.0,Low Sample,0.0,0.0,0,0.0,0.0,0.0,0.0,0.0
19,Bukayo,Saka,Saka,3,1,88,2922,16,12,15.4,10.9,16,27,25.66,0,29,226,4,0,Bukayo Saka,Midfielder,Arsenal,8.8,Sufficient Sample,0.4928131416837782,0.36960985626283366,28,0.8624229979466118,25.68181818181818,0.5999999999999996,1.0999999999999996,85.43859649122807
20,William,Saliba,Saliba,2,1,59,3420,2,1,1.7,0.9,18,29,28.32,0,13,164,4,0,William Saliba,Defender,Arsenal,5.9,Sufficient Sample,0.05263157894736842,0.02631578947368421,3,0.07894736842105263,27.796610169491522,0.30000000000000004,0.09999999999999998,100.0
22,Emile,Smith Rowe,Smith Rowe,3,1,53,343,0,2,1.86,0.4,3,3,2.1,0,0,25,0,0,Emile Smith Rowe,Midfielder,Arsenal,5.3,Low Sample,0.0,0.5247813411078718,2,0.5247813411078718,4.716981132075472,-1.86,1.6,10.02923976608187
24,Kieran,Tierney,Tierney,2,1,44,0,0,0,0.0,0.0,0,0,0.0,0,0,0,0,0,Kieran Tierney,Defender,Arsenal,4.4,Low Sample,0.0,0.0,0,0.0,0.0,0.0,0.0,0.0
25,Takehiro,Tomiyasu,Tomiyasu,2,1,45,1140,2,1,1.74,0.68,6,10,14.03,0,4,70,0,1,Takehiro Tomiyasu,Defender,Arsenal,4.5,Sufficient Sample,0.15789473684210528,0.07894736842105264,3,0.2368421052631579,15.555555555555555,0.26,0.31999999999999995,33.33333333333333
26,Leandro,Trossard,Trossard,3,1,66,1633,12,2,8.29,2.96,12,10,13.46,0,11,138,2,0,Leandro Trossard,Midfielder,Arsenal,6.6,Sufficient Sample,0.6613594611145132,0.11022657685241885,14,0.7715860379669319,20.90909090909091,3.710000000000001,-0.96,47.748538011695906
29,Benjamin,White,White,2,1,61,2987,4,5,1.27,3.66,18,26,24.95,0,14,182,8,0,Benjamin White,Defender,Arsenal,6.1,Sufficient Sample,0.12052226314027452,0.15065282892534315,9,0.2711750920656177,29.836065573770494,2.73,1.3399999999999999,87.3391812865497
30,Granit,Xhaka,Xhaka,3,1,60,0,0,0,0.0,0.0,0,0,0.0,0,0,0,0,0,Granit Xhaka,Midfielder,Arsenal,6.0,Low Sample,0.0,0.0,0,0.0,0.0,0.0,0.0,0.0
31,Oleksandr,Zinchenko,Zinchenko,2,1,50,1717,1,2,0.6,2.65,9,15,12.33,0,16,104,2,0,Oleksandr Zinchenko,Defender,Arsenal,5.0,Sufficient Sample,0.052417006406523,0.104834012813046,3,0.157251019219569,20.8,0.4,-0.6499999999999999,50.2046783625731
113,David,Raya Martin,Raya,1,1,53,2880,0,0,0.0,0.04,16,24,22.51,46,6,135,2,0,David Raya Martin,Goalkeeper,Arsenal,5.3,Sufficient Sample,0.0,0.0,0,0.0,25.471698113207548,0.0,-0.04,84.21052631578947
540,Declan,Rice,Rice,3,1,55,3225,7,9,3.53,5.09,17,28,27.08,0,17,165,5,0,Declan Rice,Midfielder,Arsenal,5.5,Sufficient Sample,0.19534883720930232,0.2511627906976744,16,0.44651162790697674,30.0,3.47,3.91,94.2982456140351
578,Reiss,Nelson,Nelson,3,1,48,256,0,0,0.18,0.43,1,1,2.18,0,0,16,1,0,Reiss Nelson,Midfielder,Arsenal,4.8,Low Sample,0.0,0.0,0,0.0,3.3333333333333335,-0.18,-0.43,7.485380116959065
585,Jurriën,Timber,J.Timber,2,1,46,70,0,0,0.0,0.02,0,0,0.28,0,0,0,2,0,Jurriën Timber,Defender,Arsenal,4.6,Low Sample,0.0,0.0,0,0.0,0.0,0.0,-0.02,2.046783625730994
646,Karl,Hein,Hein,1,1,40,0,0,0,0.0,0.0,0,0,0.0,0,0,0,0,0,Karl Hein,Goalkeeper,Arsenal,4.0,Low Sample,0.0,0.0,0,0.0,0.0,0.0,0.0,0.0
735,Charles,Sagoe,Sagoe,3,1,45,0,0,0,0.0,0.0,0,0,0.0,0,0,0,0,0,Charles Sagoe,Midfielder,Arsenal,4.5,Low Sample,0.0,0.0,0,0.0,0.0,0.0,0.0,0.0
736,Reuell,Walters,Walters,2,1,40,0,0,0,0.0,0.0,0,0,0.0,0,0,0,0,0,Reuell Walters,Defender,Arsenal,4.0,Low Sample,0.0,0.0,0,0.0,0.0,0.0,0.0,0.0
737,Bradley,Ibrahim,Ibrahim,3,1,45,0,0,0,0.0,0.0,0,0,0.0,0,0,0,0,0,Bradley Ibrahim,Midfielder,Arsenal,4.5,Low Sample,0.0,0.0,0,0.0,0.0,0.0,0.0,0.0
764,Myles,Lewis-Skelly,Lewis-Skelly,3,1,45,0,0,0,0.0,0.0,0,0,0.0,0,0,0,0,0,Myles Lewis-Skelly,Midfielder,Arsenal,4.5,Low Sample,0.0,0.0,0,0.0,0.0,0.0,0.0,0.0
772,Ethan,Nwaneri,Nwaneri,3,1,45,13,0,0,0.0,0.05,0,0,0.13,0,0,1,0,0,Ethan Nwaneri,Midfielder,Arsenal,4.5,Low Sample,0.0,0.0,0,0.0,0.2222222222222222,0.0,-0.05,0.38011695906432746
815,Mauro,Bandeira,Bandeira,3,1,45,0,0,0,0.0,0.0,0,0,0.0,0,0,0,0,0,Mauro Bandeira,Midfielder,Arsenal,4.5,Low Sample,0.0,0.0,0,0.0,0.0,0.0,0.0,0.0
817,James,Sweet,Sweet,2,1,40,0,0,0,0.0,0.0,0,0,0.0,0,0,0,0,0,James Sweet,Defender,Arsenal,4.0,Low Sample,0.0,0.0,0,0.0,0.0,0.0,0.0,0.0
32,Alexandre,Moreno Lopera,Alex Moreno,2,2,49,1024,2,0,1.11,0.98,3,20,18.5,0,5,49,2,0,Alexandre Moreno Lopera,Defender,Aston Villa,4.9,Sufficient Sample,0.17578125,0.0,2,0.17578125,10.0,0.8899999999999999,-0.98,29.94152046783626
34,Leon,Bailey,Bailey,3,2,54,2063,10,11,6.29,7.17,5,32,36.17,0,11,148,5,0,Leon Bailey,Midfielder,Aston Villa,5.4,Sufficient Sample,0.43625787687833256,0.4798836645661658,21,0.9161415414444983,27.407407407407405,3.71,3.83,60.32163742690059
35,Emiliano,Buendía Stati,Buendia,3,2,57,0,0,0,0.0,0.0,0,0,0.0,0,0,0,0,0,Emiliano Buendía Stati,Midfielder,Aston Villa,5.7,Low Sample,0.0,0.0,0,0.0,0.0,0.0,0.0,0.0
36,Matty,Cash,Cash,2,2,45,2138,2,2,4.41,2.47,3,36,36.78,0,4,64,8,0,Matty Cash,Defender,Aston Villa,4.5,Sufficient Sample,0.08419083255378858,0.08419083255378858,4,0.16838166510757716,14.222222222222221,-2.41,-0.4700000000000002,62.514619883040936
37,Calum,Chambers,Chambers,2,2,38,149,0,1,0.0,0.01,0,6,4.89,0,0,6,1,0,Calum Chambers,Defender,Aston Villa,3.8,Low Sample,0.0,0.6040268456375839,1,0.6040268456375839,1.5789473684210527,0.0,0.99,4.35672514619883
38,Philippe,Coutinho Correia,Coutinho,3,2,58,24,0,0,0.15,0.02,0,1,0.68,0,0,2,0,0,Philippe Coutinho Correia,Midfielder,Aston Villa,5.8,Low Sample,0.0,0.0,0,0.0,0.3448275862068966,-0.15,-0.02,0.7017543859649122
39,Keinan,Davis,Davis,4,2,49,0,0,0,0.0,0.0,0,0,0.0,0,0,0,0,0,Keinan Davis,Forward,Aston Villa,4.9,Low Sample,0.0,0.0,0,0.0,0.0,0.0,0.0,0.0
40,Leander,Dendoncker,Dendoncker,3,2,49,118,1,1,0.73,0.01,0,3,1.58,0,3,20,0,0,Leander Dendoncker,Midfielder,Aston Villa,4.9,Low Sample,0.7627118644067796,0.7627118644067796,2,1.5254237288135593,4.081632653061225,0.27,0.99,3.4502923976608186
41,Diego Carlos,Santos Silva,Diego Carlos,2,2,44,1809,0,0,1.95,0.35,6,36,33.17,0,1,55,4,0,Diego Carlos Santos Silva,Defender,Aston Villa,4.4,Sufficient Sample,0.0,0.0,0,0.0,12.499999999999998,-1.95,-0.35,52.89473684210526
42,Lucas,Digne,Digne,2,2,46,2405,1,4,0.99,3.49,6,41,41.65,0,5,85,7,0,Lucas Digne,Defender,Aston Villa,4.6,Sufficient Sample,0.037422037422037424,0.1496881496881497,5,0.18711018711018712,18.47826086956522,0.010000000000000009,0.5099999999999998,70.32163742690058
43,Douglas Luiz,Soares de Paulo,Douglas Luiz,3,2,54,2994,9,5,6.69,4.86,6,57,52.79,0,25,148,12,0,Douglas Luiz Soares de Paulo,Midfielder,Aston Villa,5.4,Sufficient Sample,0.27054108216432865,0.15030060120240482,14,0.4208416833667335,27.407407407407405,2.3099999999999996,0.13999999999999968,87.54385964912281
44,Jhon,Durán,Duran,4,2,50,461,5,1,2.04,0.15,0,12,11.16,0,7,50,5,0,Jhon Durán,Forward,Aston Villa,5.0,Sufficient Sample,0.9761388286334057,0.19522776572668116,6,1.1713665943600868,10.0,2.96,0.85,13.479532163742691
45,Kortney,Hause,Hause,2,2,39,0,0,0,0.0,0.0,0,0,0.0,0,0,0,0,0,Kortney Hause,Defender,Aston Villa,3.9,Low Sample,0.0,0.0,0,0.0,0.0,0.0,0.0,0.0
46,Tim,Iroegbunam,Iroegbunam,3,2,44,157,0,0,0.0,0.0,0,7,4.95,0,0,10,0,0,Tim Iroegbunam,Midfielder,Aston Villa,4.4,Low Sample,0.0,0.0,0,0.0,2.2727272727272725,0.0,0.0,4.590643274853801
47,Boubacar,Kamara,Kamara,3,2,50,1653,0,1,0.13,1.39,7,22,24.68,0,1,40,7,1,Boubacar Kamara,Midfielder,Aston Villa,5.0,Sufficient Sample,0.0,0.0544464609800363,1,0.0544464609800363,8.0,-0.13,-0.3899999999999999,48.333333333333336
48,Ezri,Konsa Ngoyo,Konsa,2,2,45,3069,1,1,2.56,1.01,7,54,52.28,0,7,91,5,0,Ezri Konsa Ngoyo,Defender,Aston Villa,4.5,Sufficient Sample,0.029325513196480937,0.029325513196480937,2,0.05865102639296187,20.22222222222222,-1.56,-0.010000000000000009,89.73684210526316
49,Emiliano,Martínez Romero,Martinez,1,2,52,3015,0,0,0.0,0.01,8,48,49.87,95,19,115,4,0,Emiliano Martínez Romero,Goalkeeper,Aston Villa,5.2,Sufficient Sample,0.0,0.0,0,0.0,22.115384615384613,0.0,-0.01,88.1578947368421
50,John,McGinn,McGinn,3,2,53,3000,6,5,5.01,4.99,7,54,49.85,0,9,119,9,1,John McGinn,Midfielder,Aston Villa,5.3,Sufficient Sample,0.18,0.15,11,0.32999999999999996,22.452830188679247,0.9900000000000002,0.009999999999999787,87.71929824561403
51,Tyrone,Mings,Mings,2,2,41,30,0,0,0.01,0.16,0,2,1.08,0,0,0,0,0,Tyrone Mings,Defender,Aston Villa,4.1,Low Sample,0.0,0.0,0,0.0,0.0,-0.01,-0.16,0.8771929824561403
53,Robin,Olsen,Olsen,1,2,39,405,0,0,0.0,0.0,0,13,10.03,21,3,17,0,0,Robin Olsen,Goalkeeper,Aston Villa,3.9,Low Sample,0.0,0.0,0,0.0,4.3589743589743595,0.0,0.0,11.842105263157894
54,Jaden,Philogene-Bidace,Philogene,3,2,45,3,0,0,0.0,0.0,0,1,0.65,0,0,1,0,0,Jaden Philogene-Bidace,Midfielder,Aston Villa,4.5,Low Sample,0.0,0.0,0,0.0,0.2222222222222222,0.0,0.0,0.08771929824561403
55,Jacob,Ramsey,J.Ramsey,3,2,59,848,1,1,2.09,1.38,0,12,12.85,0,0,29,2,0,Jacob Ramsey,Midfielder,Aston Villa,5.9,Sufficient Sample,0.1061320754716981,0.1061320754716981,2,0.2122641509433962,4.915254237288135,-1.0899999999999999,-0.3799999999999999,24.795321637426902
56,Morgan,Sanson,Sanson,3,2,45,0,0,0,0.0,0.0,0,0,0.0,0,0,0,0,0,Morgan Sanson,Midfielder,Aston Villa,4.5,Low Sample,0.0,0.0,0,0.0,0.0,0.0,0.0,0.0
57,Viljami,Sinisalo,Sinisalo,1,2,40,0,0,0,0.0,0.0,0,0,0.0,0,0,0,0,0,Viljami Sinisalo,Goalkeeper,Aston Villa,4.0,Low Sample,0.0,0.0,0,0.0,0.0,0.0,0.0,0.0
58,Youri,Tielemans,Tielemans,3,2,56,1613,2,6,1.24,1.98,4,27,31.07,0,2,77,3,0,Youri Tielemans,Midfielder,Aston Villa,5.6,Sufficient Sample,0.1115933044017359,0.3347799132052077,8,0.4463732176069436,13.75,0.76,4.02,47.16374269005848
59,Bertrand,Traoré,Bertrand Traoré,3,2,50,10,0,0,0.0,0.0,0,0,0.77,0,0,2,0,0,Bertrand Traoré,Midfielder,Aston Villa,5.0,Low Sample,0.0,0.0,0,0.0,0.4,0.0,0.0,0.29239766081871343
60,Ollie,Watkins,Watkins,4,2,89,3222,19,18,16.74,4.02,7,56,55.05,0,29,228,4,0,Ollie Watkins,Forward,Aston Villa,8.9,Sufficient Sample,0.5307262569832403,0.5027932960893855,37,1.0335195530726258,25.617977528089888,2.2600000000000016,13.98,94.21052631578948
61,Wesley,Moraes Ferreira da Silva,Wesley,4,2,50,0,0,0,0.0,0.0,0,0,0.0,0,0,0,0,0,Wesley Moraes Ferreira da Silva,Forward,Aston Villa,5.0,Low Sample,0.0,0.0,0,0.0,0.0,0.0,0.0,0.0
584,Pau,Torres,Pau,2,2,46,2462,2,0,0.96,0.71,6,37,40.0,0,4,85,1,0,Pau Torres,Defender,Aston Villa,4.6,Sufficient Sample,0.07311129163281885,0.0,2,0.07311129163281885,18.47826086956522,1.04,-0.71,71.98830409356725
599,Moussa,Diaby,Diaby,3,2,63,2168,6,11,7.4,4.24,8,40,35.75,0,10,142,1,0,Moussa Diaby,Midfielder,Aston Villa,6.3,Sufficient Sample,0.24907749077490776,0.45664206642066424,17,0.705719557195572,22.53968253968254,-1.4000000000000004,6.76,63.39181286549708
618,Omari,Kellyman,Kellyman,3,2,45,35,0,0,0.04,0.0,0,1,1.03,0,0,2,0,0,Omari Kellyman,Midfielder,Aston Villa,4.5,Low Sample,0.0,0.0,0,0.0,0.4444444444444444,-0.04,0.0,1.023391812865497
670,Filip,Marschall,Marschall,1,2,40,0,0,0,0.0,0.0,0,0,0.0,0,0,0,0,0,Filip Marschall,Goalkeeper,Aston Villa,4.0,Low Sample,0.0,0.0,0,0.0,0.0,0.0,0.0,0.0
672,Nicolò,Zaniolo,Zaniolo,3,2,54,824,2,0,2.67,0.7,2,13,14.17,0,0,34,7,0,Nicolò Zaniolo,Midfielder,Aston Villa,5.4,Sufficient Sample,0.2184466019417476,0.0,2,0.2184466019417476,6.296296296296296,-0.6699999999999999,-0.7,24.09356725146199
686,Oliwier,Zych,Zych,1,2,40,0,0,0,0.0,0.0,0,0,0.0,0,0,0,0,0,Oliwier Zych,Goalkeeper,Aston Villa,4.0,Low Sample,0.0,0.0,0,0.0,0.0,0.0,0.0,0.0
699,Clément,Lenglet,Lenglet,2,2,45,1153,0,1,0.81,0.52,2,27,23.45,0,0,24,3,0,Clément Lenglet,Defender,Aston Villa,4.5,Sufficient Sample,0.0,0.07805724197745012,1,0.07805724197745012,5.333333333333333,-0.81,0.48,33.71345029239766
765,Sam,Proctor,Proctor,1,2,40,0,0,0,0.0,0.0,0,0,0.0,0,0,0,0,0,Sam Proctor,Goalkeeper,Aston Villa,4.0,Low Sample,0.0,0.0,0,0.0,0.0,0.0,0.0,0.0
767,Tommi,O'Reilly,O'Reilly,3,2,45,0,0,0,0.0,0.0,0,0,0.0,0,0,0,0,0,Tommi O'Reilly,Midfielder,Aston Villa,4.5,Low Sample,0.0,0.0,0,0.0,0.0,0.0,0.0,0.0
778,James,Wright,Wright,1,2,40,0,0,0,0.0,0.0,0,0,0.0,0,0,0,0,0,James Wright,Goalkeeper,Aston Villa,4.0,Low Sample,0.0,0.0,0,0.0,0.0,0.0,0.0,0.0
793,Kaine,Kesler-Hayden,Kesler-Hayden,2,2,40,5,0,0,0.0,0.0,0,0,0.11,0,0,3,0,0,Kaine Kesler-Hayden,Defender,Aston Villa,4.0,Low Sample,0.0,0.0,0,0.0,0.75,0.0,0.0,0.14619883040935672
803,Morgan,Rogers,Rogers,3,2,50,636,3,1,1.35,0.33,2,13,14.55,0,0,35,3,0,Morgan Rogers,Midfielder,Aston Villa,5.0,Sufficient Sample,0.42452830188679247,0.14150943396226415,4,0.5660377358490566,7.0,1.65,0.6699999999999999,18.596491228070175
818,Joe,Gauci,Gauci,1,2,39,0,0,0,0.0,0.0,0,0,0.0,0,0,0,0,0,Joe Gauci,Goalkeeper,Aston Villa,3.9,Low Sample,0.0,0.0,0,0.0,0.0,0.0,0.0,0.0
854,Finley,Munroe,Munroe,2,2,40,3,0,0,0.0,0.0,0,0,0.0,0,0,1,0,0,Finley Munroe,Defender,Aston Villa,4.0,Low Sample,0.0,0.0,0,0.0,0.25,0.0,0.0,0.08771929824561403
865,Kadan,Young,Young,3,2,45,0,0,0,0.0,0.0,0,0,0.0,0,0,0,0,0,Kadan Young,Midfielder,Aston Villa,4.5,Low Sample,0.0,0.0,0,0.0,0.0,0.0,0.0,0.0
866,Lander,Emery,Emery,1,2,40,0,0,0,0.0,0.0,0,0,0.0,0,0,0,0,0,Lander Emery,Goalkeeper,Aston Villa,4.0,Low Sample,0.0,0.0,0,0.0,0.0,0.0,0.0,0.0
62,Jaidon,Anthony,Anthony,3,3,49,151,0,0,0.07,0.02,0,5,4.44,0,0,3,1,0,Jaidon Anthony,Midfielder,Bournemouth,4.9,Low Sample,0.0,0.0,0,0.0,0.6122448979591836,-0.07,-0.02,4.415204678362573
63,Philip,Billing,Billing,3,3,51,1385,2,3,2.53,2.11,2,36,29.25,0,3,60,3,1,Philip Billing,Midfielder,Bournemouth,5.1,Sufficient Sample,0.1299638989169675,0.19494584837545126,5,0.3249097472924188,11.764705882352942,-0.5299999999999998,0.8900000000000001,40.49707602339181
64,David,Brooks,Brooks,3,3,47,271,1,1,2.45,0.47,0,7,6.08,0,2,23,1,0,David Brooks,Midfielder,Bournemouth,4.7,Low Sample,0.33210332103321033,0.33210332103321033,2,0.6642066420664207,4.8936170212765955,-1.4500000000000002,0.53,7.923976608187135
65,Ryan,Christie,Christie,3,3,50,2908,0,5,2.49,5.37,8,56,48.61,0,5,90,6,0,Ryan Christie,Midfielder,Bournemouth,5.0,Sufficient Sample,0.0,0.1547455295735901,5,0.1547455295735901,18.0,-2.49,-0.3700000000000001,85.02923976608187
66,Lewis,Cook,L.Cook,3,3,48,2787,0,3,0.42,2.92,8,51,50.3,0,5,77,5,1,Lewis Cook,Midfielder,Bournemouth,4.8,Sufficient Sample,0.0,0.09687836383207751,3,0.09687836383207751,16.041666666666668,-0.42,0.08000000000000007,81.49122807017544
67,Siriki,Dembélé,Siriki,3,3,45,0,0,0,0.0,0.0,0,0,0.0,0,0,0,0,0,Siriki Dembélé,Midfielder,Bournemouth,4.5,Low Sample,0.0,0.0,0,0.0,0.0,0.0,0.0,0.0
68,Ryan,Fredericks,Fredericks,2,3,43,0,0,0,0.0,0.0,0,0,0.0,0,0,0,0,0,Ryan Fredericks,Defender,Bournemouth,4.3,Low Sample,0.0,0.0,0,0.0,0.0,0.0,0.0,0.0
69,James,Hill,Hill,2,3,40,74,0,0,0.0,0.01,0,1,1.34,0,0,5,0,0,James Hill,Defender,Bournemouth,4.0,Low Sample,0.0,0.0,0,0.0,1.25,0.0,-0.01,2.1637426900584797
70,Lloyd,Kelly,Kelly,2,3,45,1553,0,1,0.34,0.77,4,32,25.04,0,5,48,2,0,Lloyd Kelly,Defender,Bournemouth,4.5,Sufficient Sample,0.0,0.05795235028976175,1,0.05795235028976175,10.666666666666666,-0.34,0.22999999999999998,45.409356725146196
71,Gavin,Kilkenny,Kilkenny,3,3,43,0,0,0,0.0,0.0,0,0,0.0,0,0,0,0,0,Gavin Kilkenny,Midfielder,Bournemouth,4.3,Low Sample,0.0,0.0,0,0.0,0.0,0.0,0.0,0.0
72,Justin,Kluivert,Kluivert,3,3,46,1910,7,1,5.76,1.68,11,23,30.07,0,2,100,5,0,Justin Kluivert,Midfielder,Bournemouth,4.6,Sufficient Sample,0.3298429319371728,0.04712041884816754,8,0.3769633507853403,21.73913043478261,1.2400000000000002,-0.6799999999999999,55.84795321637427
73,Jamal,Lowe,Lowe,3,3,49,0,0,0,0.0,0.0,0,0,0.0,0,0,0,0,0,Jamal Lowe,Midfielder,Bournemouth,4.9,Low Sample,0.0,0.0,0,0.0,0.0,0.0,0.0,0.0
74,Emiliano,Marcondes,Marcondes,3,3,43,0,0,0,0.0,0.0,0,0,0.0,0,0,0,0,0,Emiliano Marcondes,Midfielder,Bournemouth,4.3,Low Sample,0.0,0.0,0,0.0,0.0,0.0,0.0,0.0
75,Chris,Mepham,Mepham,2,3,43,613,0,1,0.09,0.17,1,16,10.34,0,0,16,2,0,Chris Mepham,Defender,Bournemouth,4.3,Sufficient Sample,0.0,0.1468189233278956,1,0.1468189233278956,3.7209302325581395,-0.09,0.83,17.923976608187132
76,Kieffer,Moore,Moore,4,3,46,100,1,0,1.44,0.33,0,2,2.26,0,2,14,0,0,Kieffer Moore,Forward,Bournemouth,4.6,Low Sample,0.8999999999999999,0.0,1,0.8999999999999999,3.0434782608695654,-0.43999999999999995,-0.33,2.923976608187134
77,Norberto,Murara Neto,Neto,1,3,46,2880,0,0,0.0,0.01,7,55,49.66,113,14,110,5,0,Norberto Murara Neto,Goalkeeper,Bournemouth,4.6,Sufficient Sample,0.0,0.0,0,0.0,23.91304347826087,0.0,-0.01,84.21052631578947
78,Dango,Ouattara,O.Dango,3,3,47,1214,1,2,2.65,1.1,5,24,21.13,0,3,56,3,0,Dango Ouattara,Midfielder,Bournemouth,4.7,Sufficient Sample,0.07413509060955518,0.14827018121911037,3,0.22240527182866557,11.914893617021276,-1.65,0.8999999999999999,35.49707602339181
79,Ben,Pearson,Pearson,3,3,45,0,0,0,0.0,0.0,0,0,0.0,0,0,0,0,0,Ben Pearson,Midfielder,Bournemouth,4.5,Low Sample,0.0,0.0,0,0.0,0.0,0.0,0.0,0.0
80,Darren,Randolph,Randolph,1,3,39,0,0,0,0.0,0.0,0,0,0.0,0,0,0,0,0,Darren Randolph,Goalkeeper,Bournemouth,3.9,Low Sample,0.0,0.0,0,0.0,0.0,0.0,0.0,0.0
81,Joe,Rothwell,Rothwell,3,3,48,380,0,0,0.06,0.22,0,12,11.24,0,0,13,0,0,Joe Rothwell,Midfielder,Bournemouth,4.8,Low Sample,0.0,0.0,0,0.0,2.7083333333333335,-0.06,-0.22,11.11111111111111
82,Antoine,Semenyo,Semenyo,4,3,45,2099,8,4,4.69,2.19,8,33,34.41,0,14,107,6,0,Antoine Semenyo,Forward,Bournemouth,4.5,Sufficient Sample,0.3430204859456884,0.1715102429728442,12,0.5145307289185326,23.77777777777778,3.3099999999999996,1.81,61.37426900584795
83,Marcos,Senesi,Senesi,2,3,44,2239,4,5,1.98,2.27,6,44,40.83,0,13,102,13,0,Marcos Senesi,Defender,Bournemouth,4.4,Sufficient Sample,0.16078606520768202,0.20098258150960252,9,0.36176864671728454,23.18181818181818,2.02,2.73,65.46783625730994
84,Adam,Smith,Smith,2,3,44,2148,0,3,0.05,1.5,8,33,33.02,0,4,80,6,0,Adam Smith,Defender,Bournemouth,4.4,Sufficient Sample,0.0,0.12569832402234637,3,0.12569832402234637,18.18181818181818,-0.05,1.5,62.807017543859644
85,Dominic,Solanke,Solanke,4,3,69,3325,19,3,19.64,2.11,10,61,56.58,0,20,175,3,0,Dominic Solanke,Forward,Bournemouth,6.9,Sufficient Sample,0.5142857142857143,0.081203007518797,22,0.5954887218045113,25.362318840579707,-0.6400000000000006,0.8900000000000001,97.22222222222221
86,Marcus,Tavernier,Tavernier,3,3,50,2118,3,4,3.88,4.24,8,38,32.42,0,5,89,3,0,Marcus Tavernier,Midfielder,Bournemouth,5.0,Sufficient Sample,0.1274787535410765,0.16997167138810196,7,0.29745042492917845,17.8,-0.8799999999999999,-0.2400000000000002,61.929824561403514
87,Hamed,Traorè,Hamed Traorè,3,3,47,44,0,0,0.17,0.01,0,1,0.84,0,0,3,0,0,Hamed Traorè,Midfielder,Bournemouth,4.7,Low Sample,0.0,0.0,0,0.0,0.6382978723404255,-0.17,-0.01,1.2865497076023393
88,Mark,Travers,Travers,1,3,40,360,0,0,0.0,0.0,2,5,6.96,13,2,19,0,0,Mark Travers,Goalkeeper,Bournemouth,4.0,Low Sample,0.0,0.0,0,0.0,4.75,0.0,0.0,10.526315789473683
89,Illia,Zabarnyi,Zabarnyi,2,3,44,3330,1,0,1.13,0.55,8,67,58.38,0,3,84,5,0,Illia Zabarnyi,Defender,Bournemouth,4.4,Sufficient Sample,0.02702702702702703,0.0,1,0.02702702702702703,19.09090909090909,-0.1299999999999999,-0.55,97.36842105263158
595,Milos,Kerkez,Kerkez,2,3,44,1966,0,2,1.32,1.06,6,37,36.85,0,1,59,4,1,Milos Kerkez,Defender,Bournemouth,4.4,Sufficient Sample,0.0,0.09155645981688708,2,0.09155645981688708,13.409090909090908,-1.32,0.94,57.485380116959064
607,Ionuț,Radu,Radu,1,3,43,180,0,0,0.0,0.0,0,7,2.76,5,0,2,0,0,Ionuț Radu,Goalkeeper,Bournemouth,4.3,Low Sample,0.0,0.0,0,0.0,0.46511627906976744,0.0,0.0,5.263157894736842
619,Ben,Greenwood,Greenwood,2,3,40,0,0,0,0.0,0.0,0,0,0.0,0,0,0,0,0,Ben Greenwood,Defender,Bournemouth,4.0,Low Sample,0.0,0.0,0,0.0,0.0,0.0,0.0,0.0
643,Max,Aarons,Aarons,2,3,44,1233,0,1,0.04,0.89,2,35,26.75,0,0,28,1,0,Max Aarons,Defender,Bournemouth,4.4,Sufficient Sample,0.0,0.07299270072992702,1,0.07299270072992702,6.363636363636363,-0.04,0.10999999999999999,36.05263157894737
644,Alex,Scott,Scott,3,3,49,1003,1,1,0.82,1.06,3,25,17.89,0,3,41,3,0,Alex Scott,Midfielder,Bournemouth,4.9,Sufficient Sample,0.0897308075772682,0.0897308075772682,2,0.1794616151545364,8.36734693877551,0.18000000000000005,-0.06000000000000005,29.327485380116958
673,Tyler,Adams,Adams,3,3,49,118,0,0,0.0,0.03,0,3,1.81,0,1,5,0,0,Tyler Adams,Midfielder,Bournemouth,4.9,Low Sample,0.0,0.0,0,0.0,1.0204081632653061,0.0,-0.03,3.4502923976608186
705,Luis,Sinisterra,Sinisterra,3,3,55,685,2,2,2.62,1.03,1,18,11.39,0,2,43,0,0,Luis Sinisterra,Midfielder,Bournemouth,5.5,Sufficient Sample,0.26277372262773724,0.26277372262773724,4,0.5255474452554745,7.818181818181818,-0.6200000000000001,0.97,20.029239766081872
799,Romain,Faivre,Faivre,3,3,50,37,0,0,0.15,0.03,0,1,0.14,0,0,4,1,0,Romain Faivre,Midfielder,Bournemouth,5.0,Low Sample,0.0,0.0,0,0.0,0.8,-0.15,-0.03,1.0818713450292399
802,Max,Kinsey,Kinsey,2,3,40,0,0,0,0.0,0.0,0,0,0.0,0,0,0,0,0,Max Kinsey,Defender,Bournemouth,4.0,Low Sample,0.0,0.0,0,0.0,0.0,0.0,0.0,0.0
804,Enes,Ünal,Enes Ünal,4,3,50,317,2,4,2.84,0.13,1,9,4.49,0,3,40,1,0,Enes Ünal,Forward,Bournemouth,5.0,Low Sample,0.5678233438485805,1.135646687697161,6,1.7034700315457414,8.0,-0.8399999999999999,3.87,9.269005847953217
811,Dominic,Sadi,Sadi,3,3,45,1,0,0,0.0,0.0,0,0,0.0,0,0,1,0,0,Dominic Sadi,Midfielder,Bournemouth,4.5,Low Sample,0.0,0.0,0,0.0,0.2222222222222222,0.0,0.0,0.029239766081871347
849,Michael,Dacosta Gonzalez,Dacosta Gonzalez,3,3,45,0,0,0,0.0,0.0,0,0,0.0,0,0,0,0,0,Michael Dacosta Gonzalez,Midfielder,Bournemouth,4.5,Low Sample,0.0,0.0,0,0.0,0.0,0.0,0.0,0.0
855,Callan,McKenna,McKenna,1,3,40,0,0,0,0.0,0.0,0,0,0.0,0,0,0,0,0,Callan McKenna,Goalkeeper,Bournemouth,4.0,Low Sample,0.0,0.0,0,0.0,0.0,0.0,0.0,0.0
90,Kristoffer,Ajer,Ajer,2,4,44,1826,2,1,1.22,2.68,5,33,29.41,0,3,68,5,0,Kristoffer Ajer,Defender,Brentford,4.4,Sufficient Sample,0.09857612267250822,0.04928806133625411,3,0.14786418400876233,15.454545454545453,0.78,-1.6800000000000002,53.39181286549708
91,Ellery,Balcombe,Balcombe,1,4,39,0,0,0,0.0,0.0,0,0,0.0,0,0,0,0,0,Ellery Balcombe,Goalkeeper,Brentford,3.9,Low Sample,0.0,0.0,0,0.0,0.0,0.0,0.0,0.0
92,Shandon,Baptiste,Baptiste,3,4,43,222,1,1,0.89,0.36,0,5,3.21,0,0,19,1,0,Shandon Baptiste,Midfielder,Brentford,4.3,Low Sample,0.4054054054054054,0.4054054054054054,2,0.8108108108108107,4.4186046511627906,0.10999999999999999,0.64,6.491228070175438
93,Mads,Bech Sørensen,Bech,2,4,40,0,0,0,0.0,0.0,0,0,0.0,0,0,0,0,0,Mads Bech Sørensen,Defender,Brentford,4.0,Low Sample,0.0,0.0,0,0.0,0.0,0.0,0.0,0.0
94,Mads,Bidstrup,Bidstrup,3,4,45,0,0,0,0.0,0.0,0,0,0.0,0,0,0,0,0,Mads Bidstrup,Midfielder,Brentford,4.5,Low Sample,0.0,0.0,0,0.0,0.0,0.0,0.0,0.0
95,Sergi,Canós Tenés,Canós,3,4,50,0,0,0,0.0,0.0,0,0,0.0,0,0,0,0,0,Sergi Canós Tenés,Midfielder,Brentford,5.0,Low Sample,0.0,0.0,0,0.0,0.0,0.0,0.0,0.0
96,Nathan,Collins,Collins,2,4,45,2649,1,1,1.59,0.95,7,51,41.61,0,8,84,3,0,Nathan Collins,Defender,Brentford,4.5,Sufficient Sample,0.03397508493771234,0.03397508493771234,2,0.06795016987542468,18.666666666666668,-0.5900000000000001,0.050000000000000044,77.45614035087719
97,Matthew,Cox,Cox,1,4,40,0,0,0,0.0,0.0,0,0,0.0,0,0,0,0,0,Matthew Cox,Goalkeeper,Brentford,4.0,Low Sample,0.0,0.0,0,0.0,0.0,0.0,0.0,0.0
98,Mikkel,Damsgaard,Damsgaard,3,4,48,829,0,4,0.76,0.93,5,9,10.11,0,0,45,2,0,Mikkel Damsgaard,Midfielder,Brentford,4.8,Sufficient Sample,0.0,0.4342581423401689,4,0.4342581423401689,9.375,-0.76,3.07,24.239766081871345
99,Josh,Dasilva,Dasilva,3,4,47,22,0,0,0.0,0.23,0,0,0.1,0,0,3,0,0,Josh Dasilva,Midfielder,Brentford,4.7,Low Sample,0.0,0.0,0,0.0,0.6382978723404255,0.0,-0.23,0.6432748538011697
100,Halil,Dervişoğlu,Dervişoğlu,4,4,45,0,0,0,0.0,0.0,0,0,0.0,0,0,0,0,0,Halil Dervişoğlu,Forward,Brentford,4.5,Low Sample,0.0,0.0,0,0.0,0.0,0.0,0.0,0.0
101,Mark,Flekken,Flekken,1,4,47,3285,0,1,0.0,0.14,7,63,54.01,115,12,119,3,0,Mark Flekken,Goalkeeper,Brentford,4.7,Sufficient Sample,0.0,0.0273972602739726,1,0.0273972602739726,25.319148936170212,0.0,0.86,96.05263157894737
102,Charlie,Goode,Goode,2,4,39,0,0,0,0.0,0.0,0,0,0.0,0,0,0,0,0,Charlie Goode,Defender,Brentford,3.9,Low Sample,0.0,0.0,0,0.0,0.0,0.0,0.0,0.0
103,Rico,Henry,Henry,2,4,42,401,0,1,0.07,0.9,1,5,5.12,0,0,13,1,0,Rico Henry,Defender,Brentford,4.2,Low Sample,0.0,0.22443890274314213,1,0.22443890274314213,3.095238095238095,-0.07,0.09999999999999998,11.725146198830409
104,Aaron,Hickey,Hickey,2,4,43,713,0,0,0.2,0.13,2,12,10.2,0,0,17,5,0,Aaron Hickey,Defender,Brentford,4.3,Sufficient Sample,0.0,0.0,0,0.0,3.9534883720930236,-0.2,-0.13,20.84795321637427
105,Vitaly,Janelt,Janelt,3,4,52,3054,1,4,1.82,3.44,9,52,47.65,0,1,93,8,0,Vitaly Janelt,Midfielder,Brentford,5.2,Sufficient Sample,0.02946954813359529,0.11787819253438116,5,0.14734774066797643,17.884615384615383,-0.8200000000000001,0.56,89.29824561403508
106,Mathias,Jensen,Jensen,3,4,52,2201,3,4,0.71,4.89,9,45,36.36,0,10,98,5,0,Mathias Jensen,Midfielder,Brentford,5.2,Sufficient Sample,0.1226715129486597,0.1635620172648796,7,0.2862335302135393,18.846153846153847,2.29,-0.8899999999999997,64.35672514619884
107,Keane,Lewis-Potter,Lewis-Potter,3,4,47,1428,3,2,6.42,1.66,6,29,20.21,0,1,73,0,0,Keane Lewis-Potter,Midfielder,Brentford,4.7,Sufficient Sample,0.18907563025210083,0.12605042016806722,5,0.31512605042016806,15.53191489361702,-3.42,0.3400000000000001,41.75438596491228
108,Bryan,Mbeumo,Mbeumo,3,4,68,1957,9,7,9.7,5.67,5,31,28.31,0,12,127,2,0,Bryan Mbeumo,Midfielder,Brentford,6.8,Sufficient Sample,0.4138988247317323,0.32192130812468067,16,0.7358201328564129,18.676470588235293,-0.6999999999999993,1.33,57.22222222222222
109,Ben,Mee,Mee,2,4,47,1272,2,1,1.57,0.78,1,28,24.8,0,3,39,1,1,Ben Mee,Defender,Brentford,4.7,Sufficient Sample,0.14150943396226415,0.07075471698113207,3,0.21226415094339623,8.297872340425531,0.42999999999999994,0.21999999999999997,37.19298245614035
110,Christian,Nørgaard,Nørgaard,3,4,52,2504,2,1,3.61,2.44,6,51,43.31,0,3,74,8,0,Christian Nørgaard,Midfielder,Brentford,5.2,Sufficient Sample,0.07188498402555911,0.035942492012779555,3,0.10782747603833866,14.23076923076923,-1.6099999999999999,-1.44,73.21637426900584
111,Frank,Onyeka,Onyeka,3,4,49,1147,1,2,2.09,1.44,1,27,21.94,0,0,39,8,0,Frank Onyeka,Midfielder,Brentford,4.9,Sufficient Sample,0.07846556233653008,0.15693112467306017,3,0.23539668700959024,7.959183673469387,-1.0899999999999999,0.56,33.538011695906434
112,Ethan,Pinnock,Pinnock,2,4,45,2521,2,0,2.01,0.83,5,46,39.14,0,5,77,1,0,Ethan Pinnock,Defender,Brentford,4.5,Sufficient Sample,0.07140023800079333,0.0,2,0.07140023800079333,17.11111111111111,-0.009999999999999787,-0.83,73.71345029239767
114,Mads,Roerslev Rasmussen,Roerslev,2,4,44,1975,1,2,1.05,1.34,5,40,37.71,0,3,75,1,0,Mads Roerslev Rasmussen,Defender,Brentford,4.4,Sufficient Sample,0.04556962025316456,0.09113924050632911,3,0.13670886075949368,17.045454545454543,-0.050000000000000044,0.6599999999999999,57.748538011695906
115,Kevin,Schade,Schade,3,4,52,327,2,2,1.29,0.72,1,5,3.58,0,2,33,0,0,Kevin Schade,Midfielder,Brentford,5.2,Low Sample,0.5504587155963303,0.5504587155963303,4,1.1009174311926606,6.346153846153846,0.71,1.28,9.56140350877193
116,Thomas,Strakosha,Strakosha,1,4,39,135,0,0,0.0,0.01,0,2,1.68,6,0,4,0,0,Thomas Strakosha,Goalkeeper,Brentford,3.9,Low Sample,0.0,0.0,0,0.0,1.0256410256410258,0.0,-0.01,3.9473684210526314
117,Ivan,Toney,Toney,4,4,77,1449,4,3,5.72,1.51,3,30,27.82,0,4,57,5,0,Ivan Toney,Forward,Brentford,7.7,Sufficient Sample,0.24844720496894407,0.18633540372670807,7,0.43478260869565216,7.402597402597403,-1.7199999999999998,1.49,42.368421052631575
118,Ryan,Trevitt,Trevitt,3,4,45,0,0,0,0.0,0.0,0,0,0.0,0,0,0,0,0,Ryan Trevitt,Midfielder,Brentford,4.5,Low Sample,0.0,0.0,0,0.0,0.0,0.0,0.0,0.0
119,Yoane,Wissa,Wissa,4,4,57,2488,12,4,10.54,1.82,11,40,37.55,0,15,131,7,0,Yoane Wissa,Forward,Brentford,5.7,Sufficient Sample,0.4340836012861736,0.14469453376205788,16,0.5787781350482315,22.982456140350877,1.4600000000000009,2.1799999999999997,72.74853801169591
120,Yegor,Yarmoliuk,Yarmoliuk,3,4,42,670,0,0,0.94,1.0,4,9,9.42,0,0,33,2,0,Yegor Yarmoliuk,Midfielder,Brentford,4.2,Sufficient Sample,0.0,0.0,0,0.0,7.857142857142857,-0.94,-1.0,19.5906432748538
121,Mathias,Jorgensen,Zanka,2,4,43,1086,1,0,0.74,0.55,2,24,19.72,0,3,29,4,0,Mathias Jorgensen,Defender,Brentford,4.3,Sufficient Sample,0.08287292817679558,0.0,1,0.08287292817679558,6.744186046511628,0.26,-0.55,31.75438596491228
258,Neal,Maupay,Maupay,4,4,49,1417,6,3,6.89,1.99,4,37,26.36,0,6,76,8,0,Neal Maupay,Forward,Brentford,4.9,Sufficient Sample,0.38108680310515175,0.19054340155257588,9,0.5716302046577276,15.510204081632653,-0.8899999999999997,1.01,41.432748538011694
508,Sergio,Reguilón,Reguilón,2,4,45,1524,0,6,0.94,2.83,5,30,30.44,0,14,74,7,1,Sergio Reguilón,Defender,Brentford,4.5,Sufficient Sample,0.0,0.3543307086614173,6,0.3543307086614173,16.444444444444443,-0.94,3.17,44.56140350877193
620,Michael,Olakigbe,Olakigbe,3,4,45,51,0,0,0.14,0.02,0,0,0.7,0,0,8,0,0,Michael Olakigbe,Midfielder,Brentford,4.5,Low Sample,0.0,0.0,0,0.0,1.7777777777777777,-0.14,-0.02,1.4912280701754386
684,Ethan,Brierley,Brierley,3,4,45,0,0,0,0.0,0.0,0,0,0.0,0,0,0,0,0,Ethan Brierley,Midfielder,Brentford,4.5,Low Sample,0.0,0.0,0,0.0,0.0,0.0,0.0,0.0
701,Saman,Ghoddos,Ghoddos,3,4,45,728,1,0,0.3,1.05,0,20,12.66,0,0,26,5,0,Saman Ghoddos,Midfielder,Brentford,4.5,Sufficient Sample,0.12362637362637363,0.0,1,0.12362637362637363,5.777777777777778,0.7,-1.05,21.28654970760234
725,Ji-Soo,Kim,Kim Ji-Soo,2,4,40,0,0,0,0.0,0.0,0,0,0.0,0,0,0,0,0,Ji-Soo Kim,Defender,Brentford,4.0,Low Sample,0.0,0.0,0,0.0,0.0,0.0,0.0,0.0
733,Valintino,Adedokun,Adedokun,2,4,40,0,0,0,0.0,0.0,0,0,0.0,0,0,0,0,0,Valintino Adedokun,Defender,Brentford,4.0,Low Sample,0.0,0.0,0,0.0,0.0,0.0,0.0,0.0
744,Myles,Peart-Harris,Peart-Harris,3,4,45,11,0,0,0.0,0.0,0,0,0.07,0,0,3,0,0,Myles Peart-Harris,Midfielder,Brentford,4.5,Low Sample,0.0,0.0,0,0.0,0.6666666666666666,0.0,0.0,0.32163742690058483
752,Vincent,Angelini,Angelini,1,4,40,0,0,0,0.0,0.0,0,0,0.0,0,0,0,0,0,Vincent Angelini,Goalkeeper,Brentford,4.0,Low Sample,0.0,0.0,0,0.0,0.0,0.0,0.0,0.0
789,Hákon,Valdimarsson,Valdimarsson,1,4,40,0,0,0,0.0,0.0,0,0,0.0,0,0,0,0,0,Hákon Valdimarsson,Goalkeeper,Brentford,4.0,Low Sample,0.0,0.0,0,0.0,0.0,0.0,0.0,0.0
797,Benjamin,Fredrick,Fredrick,2,4,40,0,0,0,0.0,0.0,0,0,0.0,0,0,0,0,0,Benjamin Fredrick,Defender,Brentford,4.0,Low Sample,0.0,0.0,0,0.0,0.0,0.0,0.0,0.0
834,Benjamin,Arthur,Arthur,2,4,40,0,0,0,0.0,0.0,0,0,0.0,0,0,0,0,0,Benjamin Arthur,Defender,Brentford,4.0,Low Sample,0.0,0.0,0,0.0,0.0,0.0,0.0,0.0
864,Yunus,Konak,Konak,3,4,45,0,0,0,0.0,0.0,0,0,0.0,0,0,0,0,0,Yunus Konak,Midfielder,Brentford,4.5,Low Sample,0.0,0.0,0,0.0,0.0,0.0,0.0,0.0
122,Simon,Adingra,Adingra,3,5,50,2220,6,1,4.19,3.26,4,38,36.64,0,8,97,3,0,Simon Adingra,Midfielder,Brighton,5.0,Sufficient Sample,0.24324324324324323,0.040540540540540536,7,0.28378378378378377,19.4,1.8099999999999996,-2.26,64.91228070175438
123,Steven,Alzate,Alzate,3,5,44,0,0,0,0.0,0.0,0,0,0.0,0,0,0,0,0,Steven Alzate,Midfielder,Brighton,4.4,Low Sample,0.0,0.0,0,0.0,0.0,0.0,0.0,0.0
124,Yasin,Ayari,Ayari,3,5,45,0,0,0,0.0,0.0,0,0,0.0,0,0,0,0,0,Yasin Ayari,Midfielder,Brighton,4.5,Low Sample,0.0,0.0,0,0.0,0.0,0.0,0.0,0.0
125,Facundo,Buonanotte,Buonanotte,3,5,47,1356,3,1,2.34,1.16,6,19,21.14,0,1,57,7,0,Facundo Buonanotte,Midfielder,Brighton,4.7,Sufficient Sample,0.19911504424778761,0.06637168141592921,4,0.26548672566371684,12.127659574468085,0.6600000000000001,-0.15999999999999992,39.64912280701755
127,Aaron,Connolly,Connolly,4,5,45,0,0,0,0.0,0.0,0,0,0.0,0,0,0,0,0,Aaron Connolly,Forward,Brighton,4.5,Low Sample,0.0,0.0,0,0.0,0.0,0.0,0.0,0.0
128,Mahmoud,Dahoud,Dahoud,3,5,48,449,0,1,0.22,0.54,1,6,5.16,0,0,14,1,1,Mahmoud Dahoud,Midfielder,Brighton,4.8,Low Sample,0.0,0.20044543429844097,1,0.20044543429844097,2.916666666666667,-0.22,0.45999999999999996,13.128654970760234
129,Lewis,Dunk,Dunk,2,5,52,2869,3,1,3.15,2.24,5,53,49.76,0,11,89,6,1,Lewis Dunk,Defender,Brighton,5.2,Sufficient Sample,0.09410944579993029,0.03136981526664343,4,0.12547926106657373,17.115384615384613,-0.1499999999999999,-1.2400000000000002,83.88888888888889
130,Julio,Enciso,Enciso,3,5,50,468,0,2,1.38,1.28,0,12,9.71,0,0,20,2,0,Julio Enciso,Midfielder,Brighton,5.0,Sufficient Sample,0.0,0.3846153846153846,2,0.3846153846153846,4.0,-1.38,0.72,13.684210526315791
131,Pervis,Estupiñán,Estupiñan,2,5,47,1242,2,3,1.0,2.22,3,26,26.5,0,7,57,4,0,Pervis Estupiñán,Defender,Brighton,4.7,Sufficient Sample,0.14492753623188406,0.21739130434782608,5,0.36231884057971014,12.127659574468085,1.0,0.7799999999999998,36.31578947368421
132,Evan,Ferguson,Ferguson,4,5,57,1356,6,1,4.49,0.77,2,28,22.16,0,5,69,1,0,Evan Ferguson,Forward,Brighton,5.7,Sufficient Sample,0.39823008849557523,0.06637168141592921,7,0.4646017699115044,12.105263157894736,1.5099999999999998,0.22999999999999998,39.64912280701755
133,Billy,Gilmour,Gilmour,3,5,48,2116,0,3,0.98,2.56,6,37,36.04,0,4,61,8,1,Billy Gilmour,Midfielder,Brighton,4.8,Sufficient Sample,0.0,0.1275992438563327,3,0.1275992438563327,12.708333333333334,-0.98,0.43999999999999995,61.87134502923976
134,Pascal,Groß,Gross,3,5,61,3112,4,11,6.4,8.89,7,50,51.16,0,29,153,6,0,Pascal Groß,Midfielder,Brighton,6.1,Sufficient Sample,0.11568123393316196,0.3181233933161954,15,0.43380462724935737,25.081967213114755,-2.4000000000000004,2.1099999999999994,90.99415204678363
135,João Pedro,Junqueira de Jesus,João Pedro,4,5,52,2037,9,3,12.01,4.64,5,38,32.63,0,12,104,2,0,João Pedro Junqueira de Jesus,Forward,Brighton,5.2,Sufficient Sample,0.3976435935198822,0.1325478645066274,12,0.5301914580265096,20.0,-3.01,-1.6399999999999997,59.561403508771924
136,Michał,Karbownik,Karbownik,2,5,40,0,0,0,0.0,0.0,0,0,0.0,0,0,0,0,0,Michał Karbownik,Defender,Brighton,4.0,Low Sample,0.0,0.0,0,0.0,0.0,0.0,0.0,0.0
137,Kacper,Kozłowski,Kozłowski,3,5,45,0,0,0,0.0,0.0,0,0,0.0,0,0,0,0,0,Kacper Kozłowski,Midfielder,Brighton,4.5,Low Sample,0.0,0.0,0,0.0,0.0,0.0,0.0,0.0
138,Adam,Lallana,Lallana,3,5,49,839,0,1,0.83,1.6,2,13,12.13,0,0,30,2,0,Adam Lallana,Midfielder,Brighton,4.9,Sufficient Sample,0.0,0.1072705601907032,1,0.1072705601907032,6.122448979591836,-0.83,-0.6000000000000001,24.53216374269006
139,Tariq,Lamptey,Lamptey,2,5,39,908,0,3,0.34,0.9,1,20,14.35,0,0,31,3,0,Tariq Lamptey,Defender,Brighton,3.9,Sufficient Sample,0.0,0.29735682819383263,3,0.29735682819383263,7.948717948717949,-0.34,2.1,26.54970760233918
140,Solly,March,March,3,5,61,555,3,1,2.1,0.97,2,11,10.5,0,6,39,1,0,Solly March,Midfielder,Brighton,6.1,Sufficient Sample,0.48648648648648646,0.16216216216216214,4,0.6486486486486486,6.39344262295082,0.8999999999999999,0.030000000000000027,16.228070175438596
141,Tom,McGill,McGill,1,5,39,0,0,0,0.0,0.0,0,0,0.0,0,0,0,0,0,Tom McGill,Goalkeeper,Brighton,3.9,Low Sample,0.0,0.0,0,0.0,0.0,0.0,0.0,0.0
142,James,Milner,Milner,3,5,48,770,0,2,0.29,2.18,4,12,12.81,0,0,28,3,0,James Milner,Midfielder,Brighton,4.8,Sufficient Sample,0.0,0.23376623376623376,2,0.23376623376623376,5.833333333333334,-0.29,-0.18000000000000016,22.514619883040936
143,Kaoru,Mitoma,Mitoma,3,5,64,1485,3,7,3.49,3.56,1,27,24.64,0,7,74,4,0,Kaoru Mitoma,Midfielder,Brighton,6.4,Sufficient Sample,0.18181818181818182,0.42424242424242425,10,0.6060606060606061,11.5625,-0.4900000000000002,3.44,43.42105263157895
144,Jakub,Moder,Moder,3,5,44,608,0,0,0.78,0.67,1,13,12.6,0,0,21,2,0,Jakub Moder,Midfielder,Brighton,4.4,Sufficient Sample,0.0,0.0,0,0.0,4.7727272727272725,-0.78,-0.67,17.77777777777778
146,Jeremy,Sarmiento Morante,Sarmiento,3,5,45,0,0,0,0.0,0.0,0,0,0.0,0,0,0,0,0,Jeremy Sarmiento Morante,Midfielder,Brighton,4.5,Low Sample,0.0,0.0,0,0.0,0.0,0.0,0.0,0.0
147,Kjell,Scherpen,Scherpen,1,5,40,0,0,0,0.0,0.0,0,0,0.0,0,0,0,0,0,Kjell Scherpen,Goalkeeper,Brighton,4.0,Low Sample,0.0,0.0,0,0.0,0.0,0.0,0.0,0.0
148,Jason,Steele,Steele,1,5,40,1530,0,0,0.0,0.0,2,34,24.86,43,5,42,0,0,Jason Steele,Goalkeeper,Brighton,4.0,Sufficient Sample,0.0,0.0,0,0.0,10.5,0.0,0.0,44.73684210526316
149,Deniz,Undav,Undav,4,5,55,0,0,0,0.0,0.0,0,0,0.0,0,0,0,0,0,Deniz Undav,Forward,Brighton,5.5,Low Sample,0.0,0.0,0,0.0,0.0,0.0,0.0,0.0
150,Jan Paul,van Hecke,Van Hecke,2,5,40,2368,0,0,1.42,0.93,5,38,37.22,0,3,61,4,0,Jan Paul van Hecke,Defender,Brighton,4.0,Sufficient Sample,0.0,0.0,0,0.0,15.25,-1.42,-0.93,69.23976608187135
151,Joël,Veltman,Veltman,2,5,43,1579,1,1,0.46,0.53,3,32,25.63,0,0,49,4,0,Joël Veltman,Defender,Brighton,4.3,Sufficient Sample,0.056998100063331225,0.056998100063331225,2,0.11399620012666245,11.395348837209303,0.54,0.47,46.16959064327485
152,Bart,Verbruggen,Verbruggen,1,5,44,1890,0,0,0.0,0.0,4,28,31.6,65,7,68,3,0,Bart Verbruggen,Goalkeeper,Brighton,4.4,Sufficient Sample,0.0,0.0,0,0.0,15.454545454545453,0.0,0.0,55.26315789473685
153,Adam,Webster,Webster,2,5,42,1142,0,0,0.5,0.33,2,22,18.16,0,2,26,2,0,Adam Webster,Defender,Brighton,4.2,Sufficient Sample,0.0,0.0,0,0.0,6.19047619047619,-0.5,-0.33,33.39181286549708
154,Danny,Welbeck,Welbeck,4,5,57,1687,5,4,5.09,1.46,8,28,27.78,0,5,79,4,0,Danny Welbeck,Forward,Brighton,5.7,Sufficient Sample,0.26674570243034973,0.2133965619442798,9,0.48014226437462953,13.859649122807017,-0.08999999999999986,2.54,49.32748538011696
155,Andi,Zeqiri,Zeqiri,4,5,44,0,0,0,0.0,0.0,0,0,0.0,0,0,0,0,0,Andi Zeqiri,Forward,Brighton,4.4,Low Sample,0.0,0.0,0,0.0,0.0,0.0,0.0,0.0
606,Igor Julio,dos Santos de Paulo,Igor,2,5,43,1631,0,0,0.25,0.5,2,26,24.36,0,1,37,4,0,Igor Julio dos Santos de Paulo,Defender,Brighton,4.3,Sufficient Sample,0.0,0.0,0,0.0,8.604651162790699,-0.25,-0.5,47.69005847953217
621,Jack,Hinshelwood,Hinshelwood,3,5,45,866,3,0,2.1,0.36,2,17,14.3,0,5,42,1,0,Jack Hinshelwood,Midfielder,Brighton,4.5,Sufficient Sample,0.3117782909930716,0.0,3,0.3117782909930716,9.333333333333334,0.8999999999999999,-0.36,25.321637426900583
690,Carlos,Baleba,Baleba,3,5,45,1314,0,0,0.85,0.24,2,28,23.59,0,0,34,7,0,Carlos Baleba,Midfielder,Brighton,4.5,Sufficient Sample,0.0,0.0,0,0.0,7.555555555555555,-0.85,-0.24,38.421052631578945
700,Anssumane,Fati Vieira,Ansu Fati,3,5,64,509,2,1,3.51,0.61,1,12,7.36,0,1,33,2,0,Anssumane Fati Vieira,Midfielder,Brighton,6.4,Sufficient Sample,0.3536345776031434,0.1768172888015717,3,0.5304518664047151,5.15625,-1.5099999999999998,0.39,14.883040935672515
741,Mark,O’Mahony,O’Mahony,4,5,45,61,0,0,0.06,0.0,0,1,1.28,0,0,2,1,0,Mark O’Mahony,Forward,Brighton,4.5,Low Sample,0.0,0.0,0,0.0,0.4444444444444444,-0.06,0.0,1.7836257309941521
742,Benicio,Baker-Boaitey,Baker-Boaitey,3,5,45,37,0,0,0.02,0.1,0,1,0.8,0,0,4,1,0,Benicio Baker-Boaitey,Midfielder,Brighton,4.5,Low Sample,0.0,0.0,0,0.0,0.8888888888888888,-0.02,-0.1,1.0818713450292399
746,Ben,Jackson,Jackson,2,5,40,0,0,0,0.0,0.0,0,0,0.0,0,0,0,0,0,Ben Jackson,Defender,Brighton,4.0,Low Sample,0.0,0.0,0,0.0,0.0,0.0,0.0,0.0
747,Joshua,Duffus,Duffus,3,5,44,0,0,0,0.0,0.0,0,0,0.0,0,0,0,0,0,Joshua Duffus,Midfielder,Brighton,4.4,Low Sample,0.0,0.0,0,0.0,0.0,0.0,0.0,0.0
753,Leigh,Kavanagh,Kavanagh,2,5,40,0,0,0,0.0,0.0,0,0,0.0,0,0,0,0,0,Leigh Kavanagh,Defender,Brighton,4.0,Low Sample,0.0,0.0,0,0.0,0.0,0.0,0.0,0.0
755,Luca,Barrington,Barrington,3,5,45,0,0,0,0.0,0.0,0,0,0.0,0,0,0,0,0,Luca Barrington,Midfielder,Brighton,4.5,Low Sample,0.0,0.0,0,0.0,0.0,0.0,0.0,0.0
786,Cameron,Peupion,Peupion,3,5,45,0,0,0,0.0,0.0,0,0,0.0,0,0,0,0,0,Cameron Peupion,Midfielder,Brighton,4.5,Low Sample,0.0,0.0,0,0.0,0.0,0.0,0.0,0.0
816,Valentín,Barco,Barco,2,5,40,307,0,0,0.2,0.38,0,9,5.1,0,0,5,1,0,Valentín Barco,Defender,Brighton,4.0,Low Sample,0.0,0.0,0,0.0,1.25,-0.2,-0.38,8.976608187134504
843,Samy,Chouchane,Chouchane,3,5,45,0,0,0,0.0,0.0,0,0,0.0,0,0,0,0,0,Samy Chouchane,Midfielder,Brighton,4.5,Low Sample,0.0,0.0,0,0.0,0.0,0.0,0.0,0.0
845,Odeluga,Offiah,Offiah,2,5,40,126,0,0,0.0,0.03,0,3,2.56,0,0,4,0,0,Odeluga Offiah,Defender,Brighton,4.0,Low Sample,0.0,0.0,0,0.0,1.0,0.0,-0.03,3.684210526315789
861,Noël,Atom,Atom,2,5,40,0,0,0,0.0,0.0,0,0,0.0,0,0,0,0,0,Noël Atom,Defender,Brighton,4.0,Low Sample,0.0,0.0,0,0.0,0.0,0.0,0.0,0.0
156,Enock,Agyei,Agyei,3,6,42,0,0,0,0.0,0.0,0,0,0.0,0,0,0,0,0,Enock Agyei,Midfielder,Burnley,4.2,Low Sample,0.0,0.0,0,0.0,0.0,0.0,0.0,0.0
157,Ameen,Al-Dakhil,Al-Dakhil,2,6,38,1055,1,0,1.28,0.54,0,26,20.63,0,0,19,1,0,Ameen Al-Dakhil,Defender,Burnley,3.8,Sufficient Sample,0.08530805687203792,0.0,1,0.08530805687203792,5.0,-0.28,-0.54,30.84795321637427
158,Samuel,Bastien,Bastien,3,6,49,0,0,0,0.0,0.0,0,0,0.0,0,0,0,0,0,Samuel Bastien,Midfielder,Burnley,4.9,Low Sample,0.0,0.0,0,0.0,0.0,0.0,0.0,0.0
159,Manuel Benson,Hedilazio,Benson,3,6,52,110,0,0,0.07,0.18,0,5,4.54,0,0,8,0,0,Manuel Benson Hedilazio,Midfielder,Burnley,5.2,Low Sample,0.0,0.0,0,0.0,1.5384615384615383,-0.07,-0.18,3.216374269005848
160,Jordan,Beyer,Beyer,2,6,39,1234,0,1,0.56,0.19,2,23,20.87,0,4,30,6,0,Jordan Beyer,Defender,Burnley,3.9,Sufficient Sample,0.0,0.07293354943273907,1,0.07293354943273907,7.6923076923076925,-0.56,0.81,36.081871345029235
161,Josh,Brownhill,Brownhill,3,6,47,2248,4,2,1.81,2.04,2,56,47.82,0,2,78,4,1,Josh Brownhill,Midfielder,Burnley,4.7,Sufficient Sample,0.1601423487544484,0.0800711743772242,6,0.2402135231316726,16.595744680851062,2.19,-0.040000000000000036,65.73099415204679
162,Darko,Churlinov,Churlinov,3,6,44,0,0,0,0.0,0.0,0,0,0.0,0,0,0,0,0,Darko Churlinov,Midfielder,Burnley,4.4,Low Sample,0.0,0.0,0,0.0,0.0,0.0,0.0,0.0
163,Jack,Cork,Cork,3,6,48,25,0,0,0.0,0.02,0,0,0.13,0,0,4,0,0,Jack Cork,Midfielder,Burnley,4.8,Low Sample,0.0,0.0,0,0.0,0.8333333333333334,0.0,-0.02,0.7309941520467835
164,Dara,Costelloe,Costelloe,3,6,45,0,0,0,0.0,0.0,0,0,0.0,0,0,0,0,0,Dara Costelloe,Midfielder,Burnley,4.5,Low Sample,0.0,0.0,0,0.0,0.0,0.0,0.0,0.0
165,Josh,Cullen,Cullen,3,6,50,2055,2,4,0.59,2.29,0,48,45.18,0,5,65,9,0,Josh Cullen,Midfielder,Burnley,5.0,Sufficient Sample,0.08759124087591241,0.17518248175182483,6,0.26277372262773724,13.0,1.4100000000000001,1.71,60.08771929824561
166,CJ,Egan-Riley,Egan-Riley,2,6,39,0,0,0,0.0,0.0,0,0,0.0,0,0,0,0,0,CJ Egan-Riley,Defender,Burnley,3.9,Low Sample,0.0,0.0,0,0.0,0.0,0.0,0.0,0.0
167,Hjalmar,Ekdal,Ekdal,2,6,39,436,0,0,0.06,0.01,1,8,7.91,0,3,15,2,0,Hjalmar Ekdal,Defender,Burnley,3.9,Low Sample,0.0,0.0,0,0.0,3.8461538461538463,-0.06,-0.01,12.748538011695906
168,Lyle,Foster,Foster,4,6,47,1898,5,3,4.36,1.27,2,43,40.47,0,4,75,0,1,Lyle Foster,Forward,Burnley,4.7,Sufficient Sample,0.23709167544783982,0.1422550052687039,8,0.37934668071654376,15.957446808510637,0.6399999999999997,1.73,55.49707602339181
169,Denis,Franchi,Franchi,1,6,39,0,0,0,0.0,0.0,0,0,0.0,0,0,0,0,0,Denis Franchi,Goalkeeper,Burnley,3.9,Low Sample,0.0,0.0,0,0.0,0.0,0.0,0.0,0.0
170,Jóhann Berg,Gudmundsson,Gudmundsson,3,6,48,1185,1,3,1.8,2.53,2,25,21.01,0,0,48,2,0,Jóhann Berg Gudmundsson,Midfielder,Burnley,4.8,Sufficient Sample,0.0759493670886076,0.2278481012658228,4,0.3037974683544304,10.0,-0.8,0.4700000000000002,34.64912280701755
171,Luke,McNally,McNally,2,6,40,0,0,0,0.0,0.0,0,0,0.0,0,0,0,0,0,Luke McNally,Defender,Burnley,4.0,Low Sample,0.0,0.0,0,0.0,0.0,0.0,0.0,0.0
172,Arijanet,Muric,Muric,1,6,43,900,0,0,0.0,0.05,0,16,20.43,64,12,47,0,0,Arijanet Muric,Goalkeeper,Burnley,4.3,Sufficient Sample,0.0,0.0,0,0.0,10.930232558139535,0.0,-0.05,26.31578947368421
173,Dara,O'Shea,O'Shea,2,6,44,2892,3,4,0.74,0.9,2,71,62.7,0,2,69,5,1,Dara O'Shea,Defender,Burnley,4.4,Sufficient Sample,0.09336099585062241,0.12448132780082988,7,0.21784232365145229,15.68181818181818,2.26,3.1,84.56140350877193
174,Michael,Obafemi,Obafemi,4,6,49,19,0,0,0.11,0.01,0,0,0.03,0,0,2,0,0,Michael Obafemi,Forward,Burnley,4.9,Low Sample,0.0,0.0,0,0.0,0.4081632653061224,-0.11,-0.01,0.5555555555555556
175,Bailey,Peacock-Farrell,Peacock-Farrell,1,6,40,0,0,0,0.0,0.0,0,0,0.0,0,0,0,0,0,Bailey Peacock-Farrell,Goalkeeper,Burnley,4.0,Low Sample,0.0,0.0,0,0.0,0.0,0.0,0.0,0.0
176,Connor,Roberts,Roberts,2,6,43,817,0,1,0.0,0.35,0,23,19.91,0,0,12,3,1,Connor Roberts,Defender,Burnley,4.3,Sufficient Sample,0.0,0.11015911872705018,1,0.11015911872705018,2.7906976744186047,0.0,0.65,23.88888888888889
177,Jay,Rodriguez,Rodriguez,4,6,53,811,2,1,3.82,0.08,1,18,13.58,0,3,41,0,0,Jay Rodriguez,Forward,Burnley,5.3,Sufficient Sample,0.2219482120838471,0.11097410604192355,3,0.33292231812577067,7.735849056603774,-1.8199999999999998,0.92,23.71345029239766
178,Charlie,Taylor,Taylor,2,6,39,2329,1,1,0.25,1.66,2,46,43.78,0,1,47,8,0,Charlie Taylor,Defender,Burnley,3.9,Sufficient Sample,0.038643194504079006,0.038643194504079006,2,0.07728638900815801,12.051282051282051,0.75,-0.6599999999999999,68.09941520467837
179,Bobby,Thomas,Thomas,2,6,40,0,0,0,0.0,0.0,0,0,0.0,0,0,0,0,0,Bobby Thomas,Defender,Burnley,4.0,Low Sample,0.0,0.0,0,0.0,0.0,0.0,0.0,0.0
180,Scott,Twine,Twine,3,6,49,0,0,0,0.0,0.0,0,0,0.0,0,0,0,0,0,Scott Twine,Midfielder,Burnley,4.9,Low Sample,0.0,0.0,0,0.0,0.0,0.0,0.0,0.0
181,Lawrence,Vigouroux,Vigouroux,1,6,39,0,0,0,0.0,0.0,0,0,0.0,0,0,0,0,0,Lawrence Vigouroux,Goalkeeper,Burnley,3.9,Low Sample,0.0,0.0,0,0.0,0.0,0.0,0.0,0.0
182,Victor,da Silva,Vitinho,2,6,44,2311,0,3,1.7,1.13,2,44,45.62,0,2,60,1,0,Victor da Silva,Defender,Burnley,4.4,Sufficient Sample,0.0,0.11683254002596279,3,0.11683254002596279,13.636363636363635,-1.7,1.87,67.57309941520468
183,Wout,Weghorst,Weghorst,4,6,55,0,0,0,0.0,0.0,0,0,0.0,0,0,0,0,0,Wout Weghorst,Forward,Burnley,5.5,Low Sample,0.0,0.0,0,0.0,0.0,0.0,0.0,0.0
184,Anass,Zaroury,Zaroury,3,6,46,149,0,0,0.16,0.11,0,4,3.36,0,0,4,0,1,Anass Zaroury,Midfielder,Burnley,4.6,Low Sample,0.0,0.0,0,0.0,0.8695652173913044,-0.16,-0.11,4.35672514619883
200,David Datro,Fofana,D.D.Fofana,4,6,50,876,4,1,4.58,0.3,1,18,16.91,0,8,50,1,0,David Datro Fofana,Forward,Burnley,5.0,Sufficient Sample,0.4109589041095891,0.10273972602739727,5,0.5136986301369864,10.0,-0.5800000000000001,0.7,25.6140350877193
475,Sander,Berge,Berge,3,6,46,3002,1,2,2.04,1.66,2,70,66.96,0,3,74,8,1,Sander Berge,Midfielder,Burnley,4.6,Sufficient Sample,0.02998001332445037,0.05996002664890074,3,0.08994003997335111,16.086956521739133,-1.04,0.3400000000000001,87.77777777777777
594,Zeki,Amdouni,Amdouni,4,6,51,1953,5,1,5.55,1.22,5,41,35.7,0,11,85,2,0,Zeki Amdouni,Forward,Burnley,5.1,Sufficient Sample,0.2304147465437788,0.04608294930875576,6,0.2764976958525346,16.666666666666668,-0.5499999999999998,-0.21999999999999997,57.10526315789474
596,James,Trafford,Trafford,1,6,44,2520,0,0,0.0,0.04,2,62,49.37,106,5,70,2,0,James Trafford,Goalkeeper,Burnley,4.4,Sufficient Sample,0.0,0.0,0,0.0,15.909090909090908,0.0,-0.04,73.68421052631578
600,Nathan,Redmond,Redmond,3,6,47,132,0,0,0.03,0.37,0,5,3.92,0,0,11,1,0,Nathan Redmond,Midfielder,Burnley,4.7,Low Sample,0.0,0.0,0,0.0,2.3404255319148937,-0.03,-0.37,3.8596491228070176
605,Luca,Koleosho,Koleosho,3,6,48,972,1,2,1.96,1.07,3,23,15.55,0,0,40,0,0,Luca Koleosho,Midfielder,Burnley,4.8,Sufficient Sample,0.09259259259259259,0.18518518518518517,3,0.27777777777777773,8.333333333333334,-0.96,0.9299999999999999,28.421052631578945
608,Jacob,Bruun Larsen,Bruun Larsen,3,6,48,1235,6,0,4.65,1.44,3,23,24.35,0,7,82,1,0,Jacob Bruun Larsen,Midfielder,Burnley,4.8,Sufficient Sample,0.43724696356275305,0.0,6,0.43724696356275305,17.083333333333336,1.3499999999999996,-1.44,36.11111111111111
622,Owen,Dodgson,Dodgson,2,6,40,0,0,0,0.0,0.0,0,0,0.0,0,0,0,0,0,Owen Dodgson,Defender,Burnley,4.0,Low Sample,0.0,0.0,0,0.0,0.0,0.0,0.0,0.0
660,Wilson,Odobert,Odobert,3,6,50,2095,3,4,2.75,3.32,2,48,45.35,0,3,82,3,0,Wilson Odobert,Midfielder,Burnley,5.0,Sufficient Sample,0.12887828162291168,0.1718377088305489,7,0.3007159904534606,16.4,0.25,0.6800000000000002,61.25730994152047
674,Hannes,Delcroix,Delcroix,2,6,40,584,0,0,0.35,0.12,0,25,15.91,0,0,7,2,0,Hannes Delcroix,Defender,Burnley,4.0,Sufficient Sample,0.0,0.0,0,0.0,1.75,-0.35,-0.12,17.076023391812868
675,Aaron,Ramsey,A.Ramsey,3,6,50,522,0,0,0.35,0.48,0,17,11.33,0,0,18,1,0,Aaron Ramsey,Midfielder,Burnley,5.0,Sufficient Sample,0.0,0.0,0,0.0,3.6,-0.35,-0.48,15.263157894736842
694,Han-Noah,Massengo,Massengo,3,6,49,14,0,0,0.0,0.0,0,0,0.72,0,0,3,0,0,Han-Noah Massengo,Midfielder,Burnley,4.9,Low Sample,0.0,0.0,0,0.0,0.6122448979591836,0.0,0.0,0.40935672514619886
706,Mike,Trésor,M.Trésor,3,6,52,410,0,0,0.37,0.54,0,10,10.04,0,0,20,0,0,Mike Trésor,Midfielder,Burnley,5.2,Low Sample,0.0,0.0,0,0.0,3.846153846153846,-0.37,-0.54,11.988304093567251
805,Lorenz,Assignon,Assignon,2,6,40,1235,1,2,0.42,1.55,0,32,33.62,0,3,25,3,1,Lorenz Assignon,Defender,Burnley,4.0,Sufficient Sample,0.07287449392712551,0.14574898785425103,3,0.21862348178137653,6.25,0.5800000000000001,0.44999999999999996,36.11111111111111
806,Maxime,Esteve,Estève,2,6,40,1310,0,0,0.27,0.16,0,28,27.6,0,0,15,6,0,Maxime Esteve,Defender,Burnley,4.0,Sufficient Sample,0.0,0.0,0,0.0,3.75,-0.27,-0.16,38.30409356725146
126,Moisés,Caicedo Corozo,Caicedo,3,7,45,2865,1,3,0.42,2.01,7,50,46.79,0,6,84,11,0,Moisés Caicedo Corozo,Midfielder,Chelsea,4.5,Sufficient Sample,0.031413612565445025,0.09424083769633508,4,0.1256544502617801,18.666666666666668,0.5800000000000001,0.9900000000000002,83.77192982456141
145,Robert,Sánchez,Sanchez,1,7,45,1433,0,0,0.0,0.0,3,25,23.72,53,7,59,2,0,Robert Sánchez,Goalkeeper,Chelsea,4.5,Sufficient Sample,0.0,0.0,0,0.0,13.11111111111111,0.0,0.0,41.900584795321635
185,Ethan,Ampadu,Ampadu,2,7,40,0,0,0,0.0,0.0,0,0,0.0,0,0,0,0,0,Ethan Ampadu,Defender,Chelsea,4.0,Low Sample,0.0,0.0,0,0.0,0.0,0.0,0.0,0.0
186,Andrey,Nascimento dos Santos,Andrey,3,7,42,7,0,0,0.06,0.0,0,0,0.02,0,0,1,0,0,Andrey Nascimento dos Santos,Midfielder,Chelsea,4.2,Low Sample,0.0,0.0,0,0.0,0.23809523809523808,-0.06,0.0,0.20467836257309943
187,Kepa,Arrizabalaga,Arrizabalaga,1,7,50,0,0,0,0.0,0.0,0,0,0.0,0,0,0,0,0,Kepa Arrizabalaga,Goalkeeper,Chelsea,5.0,Low Sample,0.0,0.0,0,0.0,0.0,0.0,0.0,0.0
188,Pierre-Emerick,Aubameyang,Aubameyang,4,7,65,0,0,0,0.0,0.0,0,0,0.0,0,0,0,0,0,Pierre-Emerick Aubameyang,Forward,Chelsea,6.5,Low Sample,0.0,0.0,0,0.0,0.0,0.0,0.0,0.0
189,César,Azpilicueta,Azpilicueta,2,7,45,0,0,0,0.0,0.0,0,0,0.0,0,0,0,0,0,César Azpilicueta,Defender,Chelsea,4.5,Low Sample,0.0,0.0,0,0.0,0.0,0.0,0.0,0.0
190,Abdul Rahman,Baba,Baba,2,7,40,0,0,0,0.0,0.0,0,0,0.0,0,0,0,0,0,Abdul Rahman Baba,Defender,Chelsea,4.0,Low Sample,0.0,0.0,0,0.0,0.0,0.0,0.0,0.0
191,Benoît,Badiashile,B.Badiashile,2,7,44,1337,0,1,0.27,0.92,3,31,25.42,0,4,35,3,0,Benoît Badiashile,Defender,Chelsea,4.4,Sufficient Sample,0.0,0.06731488406881077,1,0.06731488406881077,7.954545454545454,-0.27,0.07999999999999996,39.093567251461984
192,Marcus,Bettinelli,Bettinelli,1,7,40,0,0,0,0.0,0.0,0,0,0.0,0,0,-1,1,0,Marcus Bettinelli,Goalkeeper,Chelsea,4.0,Low Sample,0.0,0.0,0,0.0,-0.25,0.0,0.0,0.0
194,Trevoh,Chalobah,Chalobah,2,7,43,949,1,0,0.2,0.16,3,14,15.26,0,4,39,1,0,Trevoh Chalobah,Defender,Chelsea,4.3,Sufficient Sample,0.09483667017913594,0.0,1,0.09483667017913594,9.069767441860465,0.8,-0.16,27.748538011695906
195,Ben,Chilwell,Chilwell,2,7,54,752,0,2,1.11,1.62,1,14,12.5,0,2,24,5,0,Ben Chilwell,Defender,Chelsea,5.4,Sufficient Sample,0.0,0.23936170212765956,2,0.23936170212765956,4.444444444444444,-1.11,0.3799999999999999,21.98830409356725
196,Carney,Chukwuemeka,Chukwuemeka,3,7,42,222,1,1,0.12,0.29,0,5,4.6,0,0,16,2,0,Carney Chukwuemeka,Midfielder,Chelsea,4.2,Low Sample,0.4054054054054054,0.4054054054054054,2,0.8108108108108107,3.8095238095238093,0.88,0.71,6.491228070175438
197,Levi,Colwill,Colwill,2,7,46,1794,1,1,1.29,0.53,5,26,28.43,0,4,65,2,0,Levi Colwill,Defender,Chelsea,4.6,Sufficient Sample,0.05016722408026756,0.05016722408026756,2,0.10033444816053512,14.130434782608697,-0.29000000000000004,0.47,52.45614035087719
198,Marc,Cucurella Saseta,Cucurella,2,7,49,1783,0,3,1.16,1.01,4,33,31.18,0,3,44,10,0,Marc Cucurella Saseta,Defender,Chelsea,4.9,Sufficient Sample,0.0,0.1514301738642737,3,0.1514301738642737,8.979591836734693,-1.16,1.99,52.13450292397661
199,Enzo,Fernández,Enzo,3,7,48,2208,3,3,5.72,3.78,5,47,40.13,0,4,77,7,0,Enzo Fernández,Midfielder,Chelsea,4.8,Sufficient Sample,0.12228260869565216,0.12228260869565216,6,0.24456521739130432,16.041666666666668,-2.7199999999999998,-0.7799999999999998,64.56140350877193
201,Wesley,Fofana,W.Fofana,2,7,44,0,0,0,0.0,0.0,0,0,0.0,0,0,0,0,0,Wesley Fofana,Defender,Chelsea,4.4,Low Sample,0.0,0.0,0,0.0,0.0,0.0,0.0,0.0
202,Conor,Gallagher,Gallagher,3,7,54,3129,5,8,4.01,3.53,8,56,52.43,0,10,129,7,1,Conor Gallagher,Midfielder,Chelsea,5.4,Sufficient Sample,0.14381591562799617,0.23010546500479387,13,0.37392138063279,23.888888888888886,0.9900000000000002,4.470000000000001,91.49122807017544
203,Malo,Gusto,Gusto,2,7,43,1746,0,6,1.01,3.39,5,28,26.12,0,10,74,7,1,Malo Gusto,Defender,Chelsea,4.3,Sufficient Sample,0.0,0.30927835051546393,6,0.30927835051546393,17.209302325581397,-1.01,2.61,51.05263157894737
206,Reece,James,James,2,7,53,416,0,2,0.3,1.36,0,13,11.31,0,0,11,0,2,Reece James,Defender,Chelsea,5.3,Low Sample,0.0,0.4326923076923077,2,0.4326923076923077,2.0754716981132075,-0.3,0.6399999999999999,12.163742690058479
207,Romelu,Lukaku Bolingoli,Lukaku,4,7,68,0,0,0,0.0,0.0,0,0,0.0,0,0,0,0,0,Romelu Lukaku Bolingoli,Forward,Chelsea,6.8,Low Sample,0.0,0.0,0,0.0,0.0,0.0,0.0,0.0
208,Noni,Madueke,Madueke,3,7,53,1044,5,3,2.51,2.13,4,19,18.37,0,7,76,2,0,Noni Madueke,Midfielder,Chelsea,5.3,Sufficient Sample,0.4310344827586207,0.25862068965517243,8,0.6896551724137931,14.339622641509434,2.49,0.8700000000000001,30.526315789473685
210,Mykhailo,Mudryk,Mudryk,3,7,63,1564,5,5,4.77,3.15,7,28,25.05,0,5,94,5,0,Mykhailo Mudryk,Midfielder,Chelsea,6.3,Sufficient Sample,0.2877237851662404,0.2877237851662404,10,0.5754475703324808,14.920634920634921,0.23000000000000043,1.85,45.73099415204678
211,Nicolas,Jackson,N.Jackson,4,7,70,2801,14,6,18.14,3.0,9,48,47.46,0,12,142,10,0,Nicolas Jackson,Forward,Chelsea,7.0,Sufficient Sample,0.44983934309175294,0.19278828989646554,20,0.6426276329882185,20.285714285714285,-4.140000000000001,3.0,81.90058479532163
212,Christopher,Nkunku,Nkunku,4,7,72,437,3,0,2.47,0.37,0,12,8.74,0,4,29,0,0,Christopher Nkunku,Forward,Chelsea,7.2,Low Sample,0.6178489702517163,0.0,3,0.6178489702517163,4.027777777777778,0.5299999999999998,-0.37,12.777777777777777
213,Christian,Pulisic,Pulisic,3,7,55,0,0,0,0.0,0.0,0,0,0.0,0,0,0,0,0,Christian Pulisic,Midfielder,Chelsea,5.5,Low Sample,0.0,0.0,0,0.0,0.0,0.0,0.0,0.0
214,Malang,Sarr,M.Sarr,2,7,43,0,0,0,0.0,0.0,0,0,0.0,0,0,0,0,0,Malang Sarr,Defender,Chelsea,4.3,Low Sample,0.0,0.0,0,0.0,0.0,0.0,0.0,0.0
215,Gabriel,Słonina,Slonina,1,7,40,0,0,0,0.0,0.0,0,0,0.0,0,0,0,0,0,Gabriel Słonina,Goalkeeper,Chelsea,4.0,Low Sample,0.0,0.0,0,0.0,0.0,0.0,0.0,0.0
216,Raheem,Sterling,Sterling,3,7,68,1972,8,8,6.39,4.33,5,38,32.83,0,8,123,7,0,Raheem Sterling,Midfielder,Chelsea,6.8,Sufficient Sample,0.36511156186612576,0.36511156186612576,16,0.7302231237322515,18.08823529411765,1.6100000000000003,3.67,57.66081871345029
217,Thiago,Emiliano da Silva,T.Silva,2,7,50,2525,3,1,0.73,0.58,7,45,42.72,0,12,98,4,0,Thiago Emiliano da Silva,Defender,Chelsea,5.0,Sufficient Sample,0.10693069306930693,0.03564356435643564,4,0.14257425742574256,19.6,2.27,0.42000000000000004,73.83040935672514
218,Hakim,Ziyech,Ziyech,3,7,54,0,0,0,0.0,0.0,0,0,0.0,0,0,0,0,0,Hakim Ziyech,Midfielder,Chelsea,5.4,Low Sample,0.0,0.0,0,0.0,0.0,0.0,0.0,0.0
362,Cole,Palmer,Palmer,3,7,63,2617,22,13,17.35,8.17,7,46,45.48,0,32,244,7,0,Cole Palmer,Midfielder,Chelsea,6.3,Sufficient Sample,0.7565915170042032,0.44707680550248374,35,1.203668322506687,38.730158730158735,4.649999999999999,4.83,76.52046783625731
589,Ângelo Gabriel,Borges Damaceno,Ângelo,3,7,50,0,0,0,0.0,0.0,0,0,0.0,0,0,0,0,0,Ângelo Gabriel Borges Damaceno,Midfielder,Chelsea,5.0,Low Sample,0.0,0.0,0,0.0,0.0,0.0,0.0,0.0
609,Ian,Maatsen,Maatsen,3,7,51,200,0,0,0.74,0.2,0,5,5.07,0,0,11,1,0,Ian Maatsen,Midfielder,Chelsea,5.1,Low Sample,0.0,0.0,0,0.0,2.1568627450980395,-0.74,-0.2,5.847953216374268
611,Axel,Disasi,Disasi,2,7,49,2579,2,0,2.35,1.46,5,50,43.96,0,6,71,6,0,Axel Disasi,Defender,Chelsea,4.9,Sufficient Sample,0.06979449398991858,0.0,2,0.06979449398991858,14.489795918367346,-0.3500000000000001,-1.46,75.40935672514621
613,Lesley,Ugochukwu,Ugochukwu,3,7,44,296,0,0,0.0,0.14,1,6,7.59,0,0,13,2,0,Lesley Ugochukwu,Midfielder,Chelsea,4.4,Low Sample,0.0,0.0,0,0.0,2.954545454545454,0.0,-0.14,8.654970760233919
623,Mason,Burstow,Burstow,4,7,45,8,0,0,0.0,0.0,0,1,0.9,0,0,2,0,0,Mason Burstow,Forward,Chelsea,4.5,Low Sample,0.0,0.0,0,0.0,0.4444444444444444,0.0,0.0,0.23391812865497078
659,Lucas,Bergström,Bergström,1,7,39,0,0,0,0.0,0.0,0,0,0.0,0,0,0,0,0,Lucas Bergström,Goalkeeper,Chelsea,3.9,Low Sample,0.0,0.0,0,0.0,0.0,0.0,0.0,0.0
667,Roméo,Lavia,Lavia,3,7,49,32,0,0,0.0,0.01,0,0,0.33,0,0,1,0,0,Roméo Lavia,Midfielder,Chelsea,4.9,Low Sample,0.0,0.0,0,0.0,0.2040816326530612,0.0,-0.01,0.9356725146198831
671,Bashir,Humphreys,Humphreys,2,7,40,0,0,0,0.0,0.0,0,0,0.0,0,0,0,0,0,Bashir Humphreys,Defender,Chelsea,4.0,Low Sample,0.0,0.0,0,0.0,0.0,0.0,0.0,0.0
677,Deivid Washington,de Souza Eugênio,Deivid,4,7,45,11,0,0,0.47,0.0,0,1,1.68,0,0,2,0,0,Deivid Washington de Souza Eugênio,Forward,Chelsea,4.5,Low Sample,0.0,0.0,0,0.0,0.4444444444444444,-0.47,0.0,0.32163742690058483
680,Eddie,Beach,Beach,1,7,40,0,0,0,0.0,0.0,0,0,0.0,0,0,0,0,0,Eddie Beach,Goalkeeper,Chelsea,4.0,Low Sample,0.0,0.0,0,0.0,0.0,0.0,0.0,0.0
681,Diego Manuel Jadon,da Silva Moreira,Diego Moreira,3,7,45,0,0,0,0.0,0.0,0,0,0.0,0,0,0,0,0,Diego Manuel Jadon da Silva Moreira,Midfielder,Chelsea,4.5,Low Sample,0.0,0.0,0,0.0,0.0,0.0,0.0,0.0
687,Đorđe,Petrović,Petrović,1,7,47,1986,0,0,0.0,0.0,5,38,34.93,75,5,71,2,0,Đorđe Petrović,Goalkeeper,Chelsea,4.7,Sufficient Sample,0.0,0.0,0,0.0,15.106382978723405,0.0,0.0,58.07017543859649
716,Alfie,Gilchrist,Gilchrist,2,7,40,200,1,0,0.32,0.05,1,6,5.46,0,0,20,1,0,Alfie Gilchrist,Defender,Chelsea,4.0,Low Sample,0.44999999999999996,0.0,1,0.44999999999999996,5.0,0.6799999999999999,-0.05,5.847953216374268
717,Ronnie,Stutter,Stutter,4,7,45,0,0,0,0.0,0.0,0,0,0.0,0,0,0,0,0,Ronnie Stutter,Forward,Chelsea,4.5,Low Sample,0.0,0.0,0,0.0,0.0,0.0,0.0,0.0
718,Alex,Matos,Matos,3,7,45,1,0,0,0.0,0.0,0,0,0.0,0,0,1,0,0,Alex Matos,Midfielder,Chelsea,4.5,Low Sample,0.0,0.0,0,0.0,0.2222222222222222,0.0,0.0,0.029239766081871347
723,Josh,Brooking,Brooking,2,7,40,0,0,0,0.0,0.0,0,0,0.0,0,0,0,0,0,Josh Brooking,Defender,Chelsea,4.0,Low Sample,0.0,0.0,0,0.0,0.0,0.0,0.0,0.0
758,Leo,Castledine,Castledine,3,7,45,0,0,0,0.0,0.0,0,0,0.0,0,0,0,0,0,Leo Castledine,Midfielder,Chelsea,4.5,Low Sample,0.0,0.0,0,0.0,0.0,0.0,0.0,0.0
791,Cesare,Casadei,Casadei,3,7,45,71,0,0,0.0,0.08,0,3,3.48,0,0,11,0,0,Cesare Casadei,Midfielder,Chelsea,4.5,Low Sample,0.0,0.0,0,0.0,2.4444444444444446,0.0,-0.08,2.0760233918128654
819,Ishé,Samuels-Smith,Samuels-Smith,2,7,40,0,0,0,0.0,0.0,0,0,0.0,0,0,0,0,0,Ishé Samuels-Smith,Defender,Chelsea,4.0,Low Sample,0.0,0.0,0,0.0,0.0,0.0,0.0,0.0
820,Ollie,Harrison,Harrison,3,7,45,0,0,0,0.0,0.0,0,0,0.0,0,0,0,0,0,Ollie Harrison,Midfielder,Chelsea,4.5,Low Sample,0.0,0.0,0,0.0,0.0,0.0,0.0,0.0
830,Jimi,Tauriainen,Tauriainen,3,7,45,1,0,0,0.0,0.0,0,0,0.01,0,0,1,0,0,Jimi Tauriainen,Midfielder,Chelsea,4.5,Low Sample,0.0,0.0,0,0.0,0.2222222222222222,0.0,0.0,0.029239766081871347
838,Josh,Acheampong,Acheampong,2,7,40,5,0,0,0.0,0.0,0,0,0.57,0,0,1,0,0,Josh Acheampong,Defender,Chelsea,4.0,Low Sample,0.0,0.0,0,0.0,0.25,0.0,0.0,0.14619883040935672
847,Teddy,Sharman-Lowe,Sharman-Lowe,1,7,40,0,0,0,0.0,0.0,0,0,0.0,0,0,0,0,0,Teddy Sharman-Lowe,Goalkeeper,Chelsea,4.0,Low Sample,0.0,0.0,0,0.0,0.0,0.0,0.0,0.0
851,Tyrique,George,George,4,7,45,0,0,0,0.0,0.0,0,0,0.0,0,0,0,0,0,Tyrique George,Forward,Chelsea,4.5,Low Sample,0.0,0.0,0,0.0,0.0,0.0,0.0,0.0
852,Kiano,Dyer,Dyer,3,7,45,0,0,0,0.0,0.0,0,0,0.0,0,0,0,0,0,Kiano Dyer,Midfielder,Chelsea,4.5,Low Sample,0.0,0.0,0,0.0,0.0,0.0,0.0,0.0
858,Ted,Curd,Curd,1,7,40,0,0,0,0.0,0.0,0,0,0.0,0,0,0,0,0,Ted Curd,Goalkeeper,Chelsea,4.0,Low Sample,0.0,0.0,0,0.0,0.0,0.0,0.0,0.0
859,Zak,Sturge,Sturge,2,7,40,0,0,0,0.0,0.0,0,0,0.0,0,0,0,0,0,Zak Sturge,Defender,Chelsea,4.0,Low Sample,0.0,0.0,0,0.0,0.0,0.0,0.0,0.0
7,Rob,Holding,Holding,2,8,43,0,0,0,0.0,0.0,0,0,0.0,0,0,0,0,0,Rob Holding,Defender,Crystal Palace,4.3,Low Sample,0.0,0.0,0,0.0,0.0,0.0,0.0,0.0
219,Naouirou,Ahamada,Ahamada,3,8,43,332,0,0,0.4,0.12,0,14,8.93,0,0,16,2,1,Naouirou Ahamada,Midfielder,Crystal Palace,4.3,Low Sample,0.0,0.0,0,0.0,3.7209302325581395,-0.4,-0.12,9.707602339181287
220,Joachim,Andersen,Andersen,2,8,47,3416,2,3,1.75,2.08,10,58,53.71,0,12,121,7,0,Joachim Andersen,Defender,Crystal Palace,4.7,Sufficient Sample,0.05269320843091335,0.07903981264637003,5,0.13173302107728338,25.74468085106383,0.25,0.9199999999999999,99.88304093567251
221,Jordan,Ayew,J.Ayew,3,8,53,2540,4,7,3.97,2.55,11,39,36.77,0,3,109,7,1,Jordan Ayew,Midfielder,Crystal Palace,5.3,Sufficient Sample,0.14173228346456693,0.24803149606299213,11,0.3897637795275591,20.566037735849058,0.029999999999999805,4.45,74.26900584795322
222,Nathaniel,Clyne,Clyne,2,8,43,1335,0,1,0.21,0.21,5,16,21.65,0,0,52,0,0,Nathaniel Clyne,Defender,Crystal Palace,4.3,Sufficient Sample,0.0,0.06741573033707865,1,0.06741573033707865,12.093023255813954,-0.21,0.79,39.03508771929825
223,Cheick,Doucouré,C.Doucouré,3,8,48,920,0,0,0.28,0.76,3,12,13.76,0,0,21,2,0,Cheick Doucouré,Midfielder,Crystal Palace,4.8,Sufficient Sample,0.0,0.0,0,0.0,4.375,-0.28,-0.76,26.900584795321635
224,Malcolm,Ebiowei,Ebiowei,3,8,44,0,0,0,0.0,0.0,0,0,0.0,0,0,0,0,0,Malcolm Ebiowei,Midfielder,Crystal Palace,4.4,Low Sample,0.0,0.0,0,0.0,0.0,0.0,0.0,0.0
225,Odsonne,Edouard,Edouard,4,8,53,1545,7,0,6.33,0.86,6,24,20.54,0,9,79,4,0,Odsonne Edouard,Forward,Crystal Palace,5.3,Sufficient Sample,0.4077669902912621,0.0,7,0.4077669902912621,14.90566037735849,0.6699999999999999,-0.86,45.17543859649123
226,Eberechi,Eze,Eze,3,8,60,2054,11,5,9.12,5.66,8,28,32.39,0,11,136,3,0,Eberechi Eze,Midfielder,Crystal Palace,6.0,Sufficient Sample,0.4819863680623174,0.21908471275559882,16,0.7010710808179162,22.666666666666668,1.8800000000000008,-0.6600000000000001,60.058479532163744
227,Vicente,Guaita,Guaita,1,8,44,0,0,0,0.0,0.0,0,0,0.0,0,0,0,0,0,Vicente Guaita,Goalkeeper,Crystal Palace,4.4,Low Sample,0.0,0.0,0,0.0,0.0,0.0,0.0,0.0
228,Marc,Guéhi,Guéhi,2,8,42,2020,0,1,0.58,1.0,6,32,31.51,0,6,66,2,0,Marc Guéhi,Defender,Crystal Palace,4.2,Sufficient Sample,0.0,0.04455445544554456,1,0.04455445544554456,15.714285714285714,-0.58,0.0,59.06432748538012
229,Will,Hughes,Hughes,3,8,49,1886,0,2,0.31,1.7,8,38,30.83,0,2,61,6,0,Will Hughes,Midfielder,Crystal Palace,4.9,Sufficient Sample,0.0,0.09544008483563096,2,0.09544008483563096,12.448979591836734,-0.31,0.30000000000000004,55.146198830409354
230,Sam,Johnstone,Johnstone,1,8,43,1796,0,0,0.0,0.0,6,27,27.17,41,7,68,1,0,Sam Johnstone,Goalkeeper,Crystal Palace,4.3,Sufficient Sample,0.0,0.0,0,0.0,15.813953488372094,0.0,0.0,52.514619883040936
231,Jefferson,Lerma Solís,Lerma,3,8,47,2399,1,1,2.61,1.78,5,46,38.16,0,4,64,8,0,Jefferson Lerma Solís,Midfielder,Crystal Palace,4.7,Sufficient Sample,0.03751563151313047,0.03751563151313047,2,0.07503126302626094,13.617021276595745,-1.6099999999999999,-0.78,70.14619883040936
232,Jean-Philippe,Mateta,Mateta,4,8,51,2274,16,7,10.84,1.3,8,44,40.46,0,22,165,3,0,Jean-Philippe Mateta,Forward,Crystal Palace,5.1,Sufficient Sample,0.633245382585752,0.2770448548812665,23,0.9102902374670185,32.35294117647059,5.16,5.7,66.49122807017544
233,Remi,Matthews,Matthews,1,8,39,3,0,0,0.0,0.0,0,1,0.07,0,0,1,0,0,Remi Matthews,Goalkeeper,Crystal Palace,3.9,Low Sample,0.0,0.0,0,0.0,0.25641025641025644,0.0,0.0,0.08771929824561403
234,Tyrick,Mitchell,Mitchell,2,8,45,3204,2,3,1.27,2.39,10,55,50.84,0,10,119,6,0,Tyrick Mitchell,Defender,Crystal Palace,4.5,Sufficient Sample,0.056179775280898875,0.08426966292134831,5,0.14044943820224717,26.444444444444443,0.73,0.6099999999999999,93.6842105263158
235,Jake,O'Brien,O'Brien,2,8,40,0,0,0,0.0,0.0,0,0,0.0,0,0,0,0,0,Jake O'Brien,Defender,Crystal Palace,4.0,Low Sample,0.0,0.0,0,0.0,0.0,0.0,0.0,0.0
236,Michael,Olise,Olise,3,8,57,1272,10,6,5.32,4.96,3,19,18.89,0,21,125,0,0,Michael Olise,Midfielder,Crystal Palace,5.7,Sufficient Sample,0.7075471698113208,0.42452830188679247,16,1.1320754716981132,21.929824561403507,4.68,1.04,37.19298245614035
237,Luke,Plange,Plange,4,8,45,0,0,0,0.0,0.0,0,0,0.0,0,0,0,0,0,Luke Plange,Forward,Crystal Palace,4.5,Low Sample,0.0,0.0,0,0.0,0.0,0.0,0.0,0.0
238,Chris,Richards,C.Richards,2,8,39,2091,1,1,0.6,0.17,4,38,33.16,0,4,62,3,0,Chris Richards,Defender,Crystal Palace,3.9,Sufficient Sample,0.0430416068866571,0.0430416068866571,2,0.0860832137733142,15.897435897435898,0.4,0.83,61.140350877192986
239,Jairo,Riedewald,Riedewald,3,8,43,228,0,0,0.04,0.07,1,3,4.05,0,0,12,0,0,Jairo Riedewald,Midfielder,Crystal Palace,4.3,Low Sample,0.0,0.0,0,0.0,2.7906976744186047,-0.04,-0.07,6.666666666666667
240,Jeffrey,Schlupp,Schlupp,3,8,48,1340,2,2,1.7,1.41,4,25,22.46,0,4,66,1,0,Jeffrey Schlupp,Midfielder,Crystal Palace,4.8,Sufficient Sample,0.13432835820895522,0.13432835820895522,4,0.26865671641791045,13.75,0.30000000000000004,0.5900000000000001,39.1812865497076
241,James,Tomkins,Tomkins,2,8,39,8,0,0,0.0,0.0,0,2,0.78,0,0,3,0,0,James Tomkins,Defender,Crystal Palace,3.9,Low Sample,0.0,0.0,0,0.0,0.7692307692307693,0.0,0.0,0.23391812865497078
242,Joel,Ward,Ward,2,8,45,1978,0,1,0.88,0.25,5,34,30.96,0,0,54,4,0,Joel Ward,Defender,Crystal Palace,4.5,Sufficient Sample,0.0,0.0455005055611729,1,0.0455005055611729,12.0,-0.88,0.75,57.836257309941516
243,Joe,Whitworth,Whitworth,1,8,39,0,0,0,0.0,0.0,0,0,0.0,0,0,0,0,0,Joe Whitworth,Goalkeeper,Crystal Palace,3.9,Low Sample,0.0,0.0,0,0.0,0.0,0.0,0.0,0.0
385,Dean,Henderson,Henderson,1,8,44,1620,0,0,0.0,0.01,4,30,26.47,58,2,48,2,0,Dean Henderson,Goalkeeper,Crystal Palace,4.4,Sufficient Sample,0.0,0.0,0,0.0,10.909090909090908,0.0,-0.01,47.368421052631575
615,Matheus,França de Oliveira,Matheus França,3,8,48,224,0,2,0.33,0.46,0,7,3.49,0,0,16,1,0,Matheus França de Oliveira,Midfielder,Crystal Palace,4.8,Low Sample,0.0,0.8035714285714286,2,0.8035714285714286,3.3333333333333335,-0.33,1.54,6.549707602339182
657,Jesurun,Rak-Sakyi,Rak-Sakyi,3,8,45,132,0,0,0.41,0.14,1,3,3.21,0,0,8,0,0,Jesurun Rak-Sakyi,Midfielder,Crystal Palace,4.5,Low Sample,0.0,0.0,0,0.0,1.7777777777777777,-0.41,-0.14,3.8596491228070176
658,John-Kymani,Gordon,Gordon,4,8,45,0,0,0,0.0,0.0,0,0,0.0,0,0,0,0,0,John-Kymani Gordon,Forward,Crystal Palace,4.5,Low Sample,0.0,0.0,0,0.0,0.0,0.0,0.0,0.0
720,Ademola,Ola-Adebomi,Ola-Adebomi,4,8,45,0,0,0,0.0,0.0,0,0,0.0,0,0,0,0,0,Ademola Ola-Adebomi,Forward,Crystal Palace,4.5,Low Sample,0.0,0.0,0,0.0,0.0,0.0,0.0,0.0
721,David,Ozoh,Ozoh,3,8,45,148,0,0,0.0,0.01,0,5,3.06,0,0,8,1,0,David Ozoh,Midfielder,Crystal Palace,4.5,Low Sample,0.0,0.0,0,0.0,1.7777777777777777,0.0,-0.01,4.3274853801169595
724,Jadan,Raymond,Raymond,3,8,45,0,0,0,0.0,0.0,0,0,0.0,0,0,0,0,0,Jadan Raymond,Midfielder,Crystal Palace,4.5,Low Sample,0.0,0.0,0,0.0,0.0,0.0,0.0,0.0
763,Tayo,Adaramola,Adaramola,2,8,40,0,0,0,0.0,0.0,0,0,0.0,0,0,0,0,0,Tayo Adaramola,Defender,Crystal Palace,4.0,Low Sample,0.0,0.0,0,0.0,0.0,0.0,0.0,0.0
792,Daniel,Muñoz,Muñoz,2,8,45,1440,0,4,1.26,1.26,5,22,19.71,0,3,56,4,0,Daniel Muñoz,Defender,Crystal Palace,4.5,Sufficient Sample,0.0,0.25,4,0.25,12.444444444444445,-1.26,2.74,42.10526315789473
807,Adam,Wharton,Wharton,3,8,50,1296,0,3,0.38,1.5,7,16,18.04,0,4,50,2,0,Adam Wharton,Midfielder,Crystal Palace,5.0,Sufficient Sample,0.0,0.20833333333333331,3,0.20833333333333331,10.0,-0.38,1.5,37.89473684210527
821,Franco,Umeh-Chibueze,Umeh-Chibueze,4,8,45,0,0,0,0.0,0.0,0,0,0.0,0,0,0,0,0,Franco Umeh-Chibueze,Forward,Crystal Palace,4.5,Low Sample,0.0,0.0,0,0.0,0.0,0.0,0.0,0.0
825,Kaden,Rodney,Rodney,3,8,45,0,0,0,0.0,0.0,0,0,0.0,0,0,0,0,0,Kaden Rodney,Midfielder,Crystal Palace,4.5,Low Sample,0.0,0.0,0,0.0,0.0,0.0,0.0,0.0
842,Roshaun,Mathurin,Mathurin,3,8,44,0,0,0,0.0,0.0,0,0,0.0,0,0,0,0,0,Roshaun Mathurin,Midfielder,Crystal Palace,4.4,Low Sample,0.0,0.0,0,0.0,0.0,0.0,0.0,0.0
244,André,Tavares Gomes,André Gomes,3,9,44,505,1,0,0.32,0.43,3,7,8.51,0,0,20,4,0,André Tavares Gomes,Midfielder,Everton,4.4,Sufficient Sample,0.17821782178217824,0.0,1,0.17821782178217824,4.545454545454545,0.6799999999999999,-0.43,14.76608187134503
245,Jarrad,Branthwaite,Branthwaite,2,9,45,3116,3,1,1.62,1.29,12,44,49.43,0,10,124,8,0,Jarrad Branthwaite,Defender,Everton,4.5,Sufficient Sample,0.08664955070603338,0.028883183568677796,4,0.11553273427471118,27.555555555555557,1.38,-0.29000000000000004,91.11111111111111
246,Dominic,Calvert-Lewin,Calvert-Lewin,4,9,58,2166,7,3,12.86,1.58,13,27,31.91,0,9,101,2,0,Dominic Calvert-Lewin,Forward,Everton,5.8,Sufficient Sample,0.29085872576177285,0.12465373961218837,10,0.41551246537396125,17.413793103448278,-5.859999999999999,1.42,63.33333333333333
247,Seamus,Coleman,Coleman,2,9,44,661,0,0,0.0,0.7,4,10,10.48,0,3,30,0,0,Seamus Coleman,Defender,Everton,4.4,Sufficient Sample,0.0,0.0,0,0.0,6.8181818181818175,0.0,-0.7,19.32748538011696
248,Dele,Alli,Dele,3,9,48,0,0,0,0.0,0.0,0,0,0.0,0,0,0,0,0,Dele Alli,Midfielder,Everton,4.8,Low Sample,0.0,0.0,0,0.0,0.0,0.0,0.0,0.0
249,Abdoulaye,Doucouré,A.Doucoure,3,9,55,2632,7,3,8.7,1.51,12,36,42.26,0,7,116,7,0,Abdoulaye Doucouré,Midfielder,Everton,5.5,Sufficient Sample,0.2393617021276596,0.10258358662613982,10,0.3419452887537994,21.09090909090909,-1.6999999999999993,1.49,76.95906432748538
250,James,Garner,Garner,3,9,49,3001,1,2,2.62,3.75,11,47,48.61,0,3,87,7,0,James Garner,Midfielder,Everton,4.9,Sufficient Sample,0.029990003332222594,0.05998000666444519,3,0.08997000999666778,17.755102040816325,-1.62,-1.75,87.74853801169591
251,Jean-Philippe,Gbamin,Gbamin,3,9,44,0,0,0,0.0,0.0,0,0,0.0,0,0,0,0,0,Jean-Philippe Gbamin,Midfielder,Everton,4.4,Low Sample,0.0,0.0,0,0.0,0.0,0.0,0.0,0.0
252,Ben,Godfrey,Godfrey,2,9,43,1120,0,0,1.76,0.55,4,13,18.73,0,0,37,2,0,Ben Godfrey,Defender,Everton,4.3,Sufficient Sample,0.0,0.0,0,0.0,8.604651162790699,-1.76,-0.55,32.748538011695906
253,Demarai,Gray,Gray,3,9,53,0,0,0,0.0,0.0,0,0,0.0,0,0,0,0,0,Demarai Gray,Midfielder,Everton,5.3,Low Sample,0.0,0.0,0,0.0,0.0,0.0,0.0,0.0
254,Idrissa,Gueye,Gana,3,9,48,1885,4,0,1.25,0.82,7,25,29.41,0,10,73,8,0,Idrissa Gueye,Midfielder,Everton,4.8,Sufficient Sample,0.19098143236074272,0.0,4,0.19098143236074272,15.208333333333334,2.75,-0.82,55.11695906432749
257,Michael,Keane,Keane,2,9,42,437,1,0,0.56,0.06,1,13,10.81,0,2,18,2,0,Michael Keane,Defender,Everton,4.2,Low Sample,0.20594965675057209,0.0,1,0.20594965675057209,4.285714285714286,0.43999999999999995,-0.06,12.777777777777777
259,Dwight,McNeil,McNeil,3,9,54,2891,3,8,3.26,7.9,12,39,45.06,0,8,124,2,0,Dwight McNeil,Midfielder,Everton,5.4,Sufficient Sample,0.09339328951919752,0.24904877205119338,11,0.34244206157039087,22.962962962962962,-0.2599999999999998,0.09999999999999964,84.53216374269006
260,Vitalii,Mykolenko,Mykolenko,2,9,45,2469,2,1,1.49,1.07,9,37,39.97,0,9,101,1,0,Vitalii Mykolenko,Defender,Everton,4.5,Sufficient Sample,0.07290400972053462,0.03645200486026731,3,0.10935601458080195,22.444444444444443,0.51,-0.07000000000000006,72.19298245614036
261,Amadou,Onana,Onana,3,9,47,2085,2,0,2.22,1.39,5,38,36.94,0,5,66,5,0,Amadou Onana,Midfielder,Everton,4.7,Sufficient Sample,0.08633093525179855,0.0,2,0.08633093525179855,14.042553191489361,-0.2200000000000002,-1.39,60.96491228070175
262,Nathan,Patterson,Patterson,2,9,43,1000,0,2,0.34,1.03,2,21,20.6,0,3,34,4,0,Nathan Patterson,Defender,Everton,4.3,Sufficient Sample,0.0,0.18,2,0.18,7.906976744186047,-0.34,0.97,29.239766081871345
263,Jordan,Pickford,Pickford,1,9,48,3420,0,0,0.0,0.46,13,51,56.01,121,22,153,5,0,Jordan Pickford,Goalkeeper,Everton,4.8,Sufficient Sample,0.0,0.0,0,0.0,31.875,0.0,-0.46,100.0
264,Ellis,Simms,Simms,4,9,45,0,0,0,0.0,0.0,0,0,0.0,0,0,0,0,0,Ellis Simms,Forward,Everton,4.5,Low Sample,0.0,0.0,0,0.0,0.0,0.0,0.0,0.0
265,James,Tarkowski,Tarkowski,2,9,46,3420,1,1,2.55,2.66,13,51,55.64,0,10,117,11,0,James Tarkowski,Defender,Everton,4.6,Sufficient Sample,0.02631578947368421,0.02631578947368421,2,0.05263157894736842,25.434782608695656,-1.5499999999999998,-1.6600000000000001,100.0
266,João,Neves Virgínia,J.Virginia,1,9,39,0,0,0,0.0,0.0,0,0,0.0,0,0,0,0,0,João Neves Virgínia,Goalkeeper,Everton,3.9,Low Sample,0.0,0.0,0,0.0,0.0,0.0,0.0,0.0
579,Andy,Lonergan,Lonergan,1,9,39,0,0,0,0.0,0.0,0,0,0.0,0,0,0,0,0,Andy Lonergan,Goalkeeper,Everton,3.9,Low Sample,0.0,0.0,0,0.0,0.0,0.0,0.0,0.0
588,Ashley,Young,Young,2,9,44,2277,0,1,0.67,1.51,9,34,37.73,0,3,76,5,1,Ashley Young,Defender,Everton,4.4,Sufficient Sample,0.0,0.039525691699604744,1,0.039525691699604744,17.27272727272727,-0.67,-0.51,66.57894736842105
601,Arnaut,Danjuma Groeneveld,Danjuma,3,9,52,587,1,0,2.63,0.42,2,10,9.74,0,0,26,0,0,Arnaut Danjuma Groeneveld,Midfielder,Everton,5.2,Sufficient Sample,0.15332197614991483,0.0,1,0.15332197614991483,5.0,-1.63,-0.42,17.163742690058477
624,Lewis,Dobbin,Dobbin,3,9,45,226,1,0,0.34,0.12,1,3,3.72,0,0,18,1,0,Lewis Dobbin,Midfielder,Everton,4.5,Low Sample,0.39823008849557523,0.0,1,0.39823008849557523,4.0,0.6599999999999999,-0.12,6.608187134502924
645,Youssef,Ramalho Chermiti,Y. Chermiti,4,9,48,196,0,0,0.74,0.3,1,4,5.04,0,0,16,3,0,Youssef Ramalho Chermiti,Forward,Everton,4.8,Low Sample,0.0,0.0,0,0.0,3.3333333333333335,-0.74,-0.3,5.730994152046784
649,Thomas,Cannon,Cannon,4,9,45,1,0,0,0.0,0.0,0,0,0.28,0,0,1,0,0,Thomas Cannon,Forward,Everton,4.5,Low Sample,0.0,0.0,0,0.0,0.2222222222222222,0.0,0.0,0.029239766081871347
650,Tyler,Onyango,Onyango,3,9,44,1,0,0,0.0,0.0,0,0,0.0,0,0,1,0,0,Tyler Onyango,Midfielder,Everton,4.4,Low Sample,0.0,0.0,0,0.0,0.22727272727272727,0.0,0.0,0.029239766081871347
661,Jack,Harrison,Harrison,3,9,55,2212,3,3,3.68,3.02,11,26,34.15,0,5,92,1,0,Jack Harrison,Midfielder,Everton,5.5,Sufficient Sample,0.12206148282097648,0.12206148282097648,6,0.24412296564195296,16.727272727272727,-0.6800000000000002,-0.020000000000000018,64.6783625730994
691,Norberto Bercique,Gomes Betuncal,Beto,4,9,57,943,3,0,6.46,0.3,2,20,18.11,0,3,50,2,0,Norberto Bercique Gomes Betuncal,Forward,Everton,5.7,Sufficient Sample,0.2863202545068929,0.0,3,0.2863202545068929,8.771929824561402,-3.46,-0.3,27.573099415204677
719,Mackenzie,Hunt,Hunt,3,9,45,0,0,0,0.0,0.0,0,0,0.0,0,0,0,0,0,Mackenzie Hunt,Midfielder,Everton,4.5,Low Sample,0.0,0.0,0,0.0,0.0,0.0,0.0,0.0
760,Jenson,Metcalfe,Metcalfe,3,9,45,0,0,0,0.0,0.0,0,0,0.0,0,0,0,0,0,Jenson Metcalfe,Midfielder,Everton,4.5,Low Sample,0.0,0.0,0,0.0,0.0,0.0,0.0,0.0
761,Elijah,Campbell,Campbell,2,9,40,0,0,0,0.0,0.0,0,0,0.0,0,0,0,0,0,Elijah Campbell,Defender,Everton,4.0,Low Sample,0.0,0.0,0,0.0,0.0,0.0,0.0,0.0
841,Lewis,Warrington,Warrington,3,9,45,1,0,0,0.0,0.0,0,0,0.0,0,0,1,0,0,Lewis Warrington,Midfielder,Everton,4.5,Low Sample,0.0,0.0,0,0.0,0.2222222222222222,0.0,0.0,0.029239766081871347
863,Billy,Crellin,Crellin,1,9,40,0,0,0,0.0,0.0,0,0,0.0,0,0,0,0,0,Billy Crellin,Goalkeeper,Everton,4.0,Low Sample,0.0,0.0,0,0.0,0.0,0.0,0.0,0.0
193,Armando,Broja,Broja,4,10,49,529,1,2,2.24,0.23,3,9,8.4,0,0,35,0,0,Armando Broja,Forward,Fulham,4.9,Sufficient Sample,0.17013232514177692,0.34026465028355385,3,0.5103969754253308,7.142857142857142,-1.2400000000000002,1.77,15.46783625730994
256,Alex,Iwobi,Iwobi,3,10,53,2331,5,2,5.23,4.2,7,41,37.63,0,9,102,2,0,Alex Iwobi,Midfielder,Fulham,5.3,Sufficient Sample,0.19305019305019305,0.07722007722007722,7,0.2702702702702703,19.245283018867926,-0.23000000000000043,-2.2,68.15789473684211
267,Andreas,Hoelgebaum Pereira,Andreas,3,10,53,2611,3,9,4.52,5.72,14,40,42.91,0,7,127,6,0,Andreas Hoelgebaum Pereira,Midfielder,Fulham,5.3,Sufficient Sample,0.10340865568747605,0.31022596706242817,12,0.4136346227499042,23.962264150943398,-1.5199999999999996,3.2800000000000002,76.34502923976608
268,Tom,Cairney,Cairney,3,10,49,1472,1,6,1.03,2.58,4,27,29.53,0,2,70,3,0,Tom Cairney,Midfielder,Fulham,4.9,Sufficient Sample,0.061141304347826095,0.36684782608695654,7,0.42798913043478265,14.285714285714285,-0.030000000000000027,3.42,43.04093567251462
269,Ivan,Neves Abreu Cavaleiro,I.Cavaleiro,3,10,50,0,0,0,0.0,0.0,0,0,0.0,0,0,0,0,0,Ivan Neves Abreu Cavaleiro,Midfielder,Fulham,5.0,Low Sample,0.0,0.0,0,0.0,0.0,0.0,0.0,0.0
270,Bobby,De Cordova-Reid,De Cordova-Reid,3,10,52,1410,6,3,4.55,1.12,3,29,28.79,0,7,92,4,0,Bobby De Cordova-Reid,Midfielder,Fulham,5.2,Sufficient Sample,0.3829787234042553,0.19148936170212766,9,0.574468085106383,17.692307692307693,1.4500000000000002,1.88,41.228070175438596
271,Issa,Diop,Diop,2,10,44,1423,0,0,0.26,0.42,5,26,33.2,0,3,43,2,1,Issa Diop,Defender,Fulham,4.4,Sufficient Sample,0.0,0.0,0,0.0,9.772727272727272,-0.26,-0.42,41.60818713450292
272,Tyrese,Francois,Francois,3,10,44,0,0,0,0.0,0.0,0,0,0.0,0,0,0,0,0,Tyrese Francois,Midfielder,Fulham,4.4,Low Sample,0.0,0.0,0,0.0,0.0,0.0,0.0,0.0
273,Anthony,Knockaert,Knockaert,3,10,44,0,0,0,0.0,0.0,0,0,0.0,0,0,0,0,0,Anthony Knockaert,Midfielder,Fulham,4.4,Low Sample,0.0,0.0,0,0.0,0.0,0.0,0.0,0.0
274,Terence,Kongolo,Kongolo,2,10,40,0,0,0,0.0,0.0,0,0,0.0,0,0,0,0,0,Terence Kongolo,Defender,Fulham,4.0,Low Sample,0.0,0.0,0,0.0,0.0,0.0,0.0,0.0
275,Bernd,Leno,Leno,1,10,48,3420,0,0,0.0,0.0,10,61,64.14,134,15,133,3,0,Bernd Leno,Goalkeeper,Fulham,4.8,Sufficient Sample,0.0,0.0,0,0.0,27.708333333333336,0.0,0.0,100.0
276,Saša,Lukić,Lukić,3,10,43,1113,1,0,1.49,0.46,5,20,22.86,0,0,43,3,0,Saša Lukić,Midfielder,Fulham,4.3,Sufficient Sample,0.08086253369272237,0.0,1,0.08086253369272237,10.0,-0.49,-0.46,32.54385964912281
277,Kevin,Mbabu,Mbabu,2,10,40,0,0,0,0.0,0.0,0,0,0.0,0,0,0,0,0,Kevin Mbabu,Defender,Fulham,4.0,Low Sample,0.0,0.0,0,0.0,0.0,0.0,0.0,0.0
278,Aleksandar,Mitrović,Mitrović,4,10,74,32,0,0,0.16,0.02,0,0,0.6,0,0,1,0,0,Aleksandar Mitrović,Forward,Fulham,7.4,Low Sample,0.0,0.0,0,0.0,0.13513513513513511,-0.16,-0.02,0.9356725146198831
279,Rodrigo,Muniz Carvalho,Muniz,4,10,43,1589,9,2,8.76,0.94,6,27,26.67,0,12,97,1,0,Rodrigo Muniz Carvalho,Forward,Fulham,4.3,Sufficient Sample,0.5097545626179988,0.11327879169288861,11,0.6230333543108874,22.558139534883722,0.2400000000000002,1.06,46.461988304093566
280,João,Palhinha Gonçalves,J.Palhinha,3,10,50,2698,4,1,3.39,0.99,9,46,49.59,0,8,91,13,0,João Palhinha Gonçalves,Midfielder,Fulham,5.0,Sufficient Sample,0.1334321719792439,0.033358042994810974,5,0.16679021497405486,18.2,0.6099999999999999,0.010000000000000009,78.88888888888889
281,Tim,Ream,Ream,2,10,44,1503,1,0,0.96,0.16,3,31,34.03,0,4,40,2,1,Tim Ream,Defender,Fulham,4.4,Sufficient Sample,0.059880239520958084,0.0,1,0.059880239520958084,9.09090909090909,0.040000000000000036,-0.16,43.94736842105263
282,Harrison,Reed,Reed,3,10,43,1317,0,2,0.29,1.49,6,23,25.65,0,0,47,6,0,Harrison Reed,Midfielder,Fulham,4.3,Sufficient Sample,0.0,0.1366742596810934,2,0.1366742596810934,10.930232558139535,-0.29,0.51,38.50877192982456
283,Antonee,Robinson,Robinson,2,10,45,3266,0,6,0.68,3.75,9,60,61.93,0,8,104,6,0,Antonee Robinson,Defender,Fulham,4.5,Sufficient Sample,0.0,0.1653398652786283,6,0.1653398652786283,23.11111111111111,-0.68,2.25,95.49707602339181
284,Marek,Rodák,Rodák,1,10,39,0,0,0,0.0,0.0,0,0,0.0,0,0,-1,1,0,Marek Rodák,Goalkeeper,Fulham,3.9,Low Sample,0.0,0.0,0,0.0,-0.25641025641025644,0.0,0.0,0.0
285,Kenny,Tete,Tete,2,10,44,863,1,0,0.86,0.46,2,21,22.97,0,0,27,2,0,Kenny Tete,Defender,Fulham,4.4,Sufficient Sample,0.10428736964078796,0.0,1,0.10428736964078796,6.136363636363636,0.14,-0.46,25.23391812865497
286,Tosin,Adarabioyo,Tosin,2,10,43,1616,2,0,0.78,0.32,6,25,28.19,0,2,66,2,0,Tosin Adarabioyo,Defender,Fulham,4.3,Sufficient Sample,0.11138613861386139,0.0,2,0.11138613861386139,15.348837209302326,1.22,-0.32,47.251461988304094
287,Carlos Vinícius,Alves Morais,Vinícius,4,10,45,306,2,0,1.59,0.11,0,5,4.5,0,2,22,2,0,Carlos Vinícius Alves Morais,Forward,Fulham,4.5,Low Sample,0.5882352941176471,0.0,2,0.5882352941176471,4.888888888888889,0.4099999999999999,-0.11,8.947368421052632
288,Harry,Wilson,Wilson,3,10,53,1603,4,7,3.45,2.63,5,30,33.01,0,5,94,6,0,Harry Wilson,Midfielder,Fulham,5.3,Sufficient Sample,0.22457891453524642,0.39301310043668125,11,0.6175920149719277,17.735849056603776,0.5499999999999998,4.37,46.87134502923976
558,Raúl,Jiménez,Raúl,4,10,50,1390,7,0,5.37,0.96,4,29,37.43,0,13,72,3,1,Raúl Jiménez,Forward,Fulham,5.0,Sufficient Sample,0.45323741007194246,0.0,7,0.45323741007194246,14.4,1.63,-0.96,40.643274853801174
591,Willian,Borges da Silva,Willian,3,10,53,2048,4,3,5.09,4.68,9,28,35.26,0,6,94,1,0,Willian Borges da Silva,Midfielder,Fulham,5.3,Sufficient Sample,0.17578125,0.1318359375,7,0.3076171875,17.735849056603776,-1.0899999999999999,-1.6799999999999997,59.88304093567252
610,Calvin,Bassey,Bassey,2,10,44,2299,1,0,0.37,0.16,6,42,40.83,0,4,66,4,1,Calvin Bassey,Defender,Fulham,4.4,Sufficient Sample,0.039147455415398,0.0,1,0.039147455415398,14.999999999999998,0.63,-0.16,67.22222222222223
625,Luc,De Fougerolles,De Fougerolles,2,10,39,0,0,0,0.0,0.0,0,0,0.0,0,0,0,0,0,Luc De Fougerolles,Defender,Fulham,3.9,Low Sample,0.0,0.0,0,0.0,0.0,0.0,0.0,0.0
651,Jay,Stansfield,Stansfield,4,10,45,0,0,0,0.0,0.0,0,0,0.0,0,0,0,0,0,Jay Stansfield,Forward,Fulham,4.5,Low Sample,0.0,0.0,0,0.0,0.0,0.0,0.0,0.0
652,Matthew,Dibley-Dias,Dibley-Dias,3,10,45,0,0,0,0.0,0.0,0,0,0.0,0,0,0,0,0,Matthew Dibley-Dias,Midfielder,Fulham,4.5,Low Sample,0.0,0.0,0,0.0,0.0,0.0,0.0,0.0
662,Adama,Traoré,Adama,3,10,49,363,2,3,1.49,0.88,0,13,11.28,0,1,36,2,0,Adama Traoré,Midfielder,Fulham,4.9,Low Sample,0.49586776859504134,0.7438016528925621,5,1.2396694214876034,7.346938775510203,0.51,2.12,10.614035087719298
683,Luke,Harris,Harris,3,10,45,74,0,0,0.28,0.01,0,5,2.26,0,0,2,0,0,Luke Harris,Midfielder,Fulham,4.5,Low Sample,0.0,0.0,0,0.0,0.4444444444444444,-0.28,-0.01,2.1637426900584797
688,Timothy,Castagne,Castagne,2,10,45,2630,1,3,1.29,2.06,9,40,41.07,0,7,105,3,0,Timothy Castagne,Defender,Fulham,4.5,Sufficient Sample,0.034220532319391636,0.10266159695817491,4,0.13688212927756654,23.333333333333332,-0.29000000000000004,0.94,76.90058479532163
692,Steven,Benda,Benda,1,10,40,0,0,0,0.0,0.0,0,0,0.0,0,0,0,0,0,Steven Benda,Goalkeeper,Fulham,4.0,Low Sample,0.0,0.0,0,0.0,0.0,0.0,0.0,0.0
707,Fodé,Ballo-Touré,Ballo-Touré,2,10,45,65,0,0,0.0,0.0,0,1,1.18,0,0,5,1,0,Fodé Ballo-Touré,Defender,Fulham,4.5,Low Sample,0.0,0.0,0,0.0,1.1111111111111112,0.0,0.0,1.9005847953216373
732,Devan,Tanton,Tanton,2,10,40,0,0,0,0.0,0.0,0,0,0.0,0,0,0,0,0,Devan Tanton,Defender,Fulham,4.0,Low Sample,0.0,0.0,0,0.0,0.0,0.0,0.0,0.0
796,Kristian,Sekularac,Sekularac,3,10,44,0,0,0,0.0,0.0,0,0,0.0,0,0,0,0,0,Kristian Sekularac,Midfielder,Fulham,4.4,Low Sample,0.0,0.0,0,0.0,0.0,0.0,0.0,0.0
810,Joshua,King,King,3,10,45,0,0,0,0.0,0.0,0,0,0.0,0,0,0,0,0,Joshua King,Midfielder,Fulham,4.5,Low Sample,0.0,0.0,0,0.0,0.0,0.0,0.0,0.0
289,Adrián,San Miguel del Castillo,Adrián,1,11,38,0,0,0,0.0,0.0,0,0,0.0,0,0,0,0,0,Adrián San Miguel del Castillo,Goalkeeper,Liverpool,3.8,Low Sample,0.0,0.0,0,0.0,0.0,0.0,0.0,0.0
290,Trent,Alexander-Arnold,Alexander-Arnold,2,11,84,2153,3,5,2.78,5.84,8,28,27.96,0,19,122,6,0,Trent Alexander-Arnold,Defender,Liverpool,8.4,Sufficient Sample,0.12540640966093825,0.2090106827682304,8,0.3344170924291686,14.523809523809524,0.2200000000000002,-0.8399999999999999,62.953216374269005
291,Alisson,Ramses Becker,A.Becker,1,11,57,2520,0,0,0.0,0.0,8,30,35.21,83,9,107,1,0,Alisson Ramses Becker,Goalkeeper,Liverpool,5.7,Sufficient Sample,0.0,0.0,0,0.0,18.771929824561404,0.0,0.0,73.68421052631578
292,Stefan,Bajcetic,Bajcetic,3,11,47,25,0,0,0.0,0.0,0,2,0.88,0,0,1,0,0,Stefan Bajcetic,Midfielder,Liverpool,4.7,Low Sample,0.0,0.0,0,0.0,0.2127659574468085,0.0,0.0,0.7309941520467835
293,Darwin,Núñez Ribeiro,Darwin,4,11,75,2033,11,11,16.23,4.37,6,25,25.33,0,9,132,9,0,Darwin Núñez Ribeiro,Forward,Liverpool,7.5,Sufficient Sample,0.4869650762420069,0.4869650762420069,22,0.9739301524840138,17.6,-5.23,6.63,59.44444444444444
294,Diogo,Teixeira da Silva,Diogo J.,3,11,79,1141,10,7,5.24,1.75,5,11,15.21,0,7,110,1,1,Diogo Teixeira da Silva,Midfielder,Liverpool,7.9,Sufficient Sample,0.7887817703768625,0.5521472392638037,17,1.340929009640666,13.924050632911392,4.76,5.25,33.36257309941521
295,Harvey,Elliott,Elliott,3,11,48,1330,3,9,2.72,4.68,4,13,19.29,0,8,96,2,0,Harvey Elliott,Midfielder,Liverpool,4.8,Sufficient Sample,0.20300751879699247,0.6090225563909775,12,0.8120300751879699,20.0,0.2799999999999998,4.32,38.88888888888889
296,Fabio Henrique,Tavares,Fabinho,3,11,50,0,0,0,0.0,0.0,0,0,0.0,0,0,0,0,0,Fabio Henrique Tavares,Midfielder,Liverpool,5.0,Low Sample,0.0,0.0,0,0.0,0.0,0.0,0.0,0.0
297,Cody,Gakpo,Gakpo,4,11,71,1633,8,5,9.07,2.71,5,20,23.9,0,12,106,1,0,Cody Gakpo,Forward,Liverpool,7.1,Sufficient Sample,0.4409063074096754,0.27556644213104714,13,0.7164727495407226,14.929577464788734,-1.0700000000000003,2.29,47.748538011695906
298,Joe,Gomez,Gomez,2,11,45,1772,0,2,1.02,1.07,7,19,27.08,0,2,76,5,0,Joe Gomez,Defender,Liverpool,4.5,Sufficient Sample,0.0,0.10158013544018057,2,0.10158013544018057,16.88888888888889,-1.02,0.9299999999999999,51.81286549707602
299,Jordan,Henderson,Henderson,3,11,50,0,0,0,0.0,0.0,0,0,0.0,0,0,0,0,0,Jordan Henderson,Midfielder,Liverpool,5.0,Low Sample,0.0,0.0,0,0.0,0.0,0.0,0.0,0.0
300,Curtis,Jones,Jones,3,11,49,1156,1,1,2.74,1.04,2,19,19.42,0,2,40,3,1,Curtis Jones,Midfielder,Liverpool,4.9,Sufficient Sample,0.07785467128027682,0.07785467128027682,2,0.15570934256055363,8.16326530612245,-1.7400000000000002,-0.040000000000000036,33.801169590643276
301,Caoimhin,Kelleher,Kelleher,1,11,36,900,0,0,0.0,0.01,2,11,10.33,28,3,34,0,0,Caoimhin Kelleher,Goalkeeper,Liverpool,3.6,Sufficient Sample,0.0,0.0,0,0.0,9.444444444444445,0.0,-0.01,26.31578947368421
302,Ibrahima,Konaté,Konaté,2,11,49,1570,0,0,0.7,0.47,6,19,21.42,0,2,56,3,1,Ibrahima Konaté,Defender,Liverpool,4.9,Sufficient Sample,0.0,0.0,0,0.0,11.428571428571427,-0.7,-0.47,45.90643274853801
303,Luis,Díaz,Luis Díaz,3,11,76,2625,8,7,12.08,4.73,7,33,35.22,0,9,142,3,0,Luis Díaz,Midfielder,Liverpool,7.6,Sufficient Sample,0.2742857142857143,0.24,15,0.5142857142857142,18.68421052631579,-4.08,2.2699999999999996,76.75438596491229
304,Alexis,Mac Allister,Mac Allister,3,11,59,2600,5,5,3.59,4.89,6,34,37.16,0,12,109,7,1,Alexis Mac Allister,Midfielder,Liverpool,5.9,Sufficient Sample,0.17307692307692307,0.17307692307692307,10,0.34615384615384615,18.47457627118644,1.4100000000000001,0.11000000000000032,76.0233918128655
305,Joel,Matip,Matip,2,11,48,779,0,0,0.48,0.11,2,9,11.21,0,0,21,2,0,Joel Matip,Defender,Liverpool,4.8,Sufficient Sample,0.0,0.0,0,0.0,4.375,-0.48,-0.11,22.77777777777778
306,Nathaniel,Phillips,Phillips,2,11,40,0,0,0,0.0,0.0,0,0,0.0,0,0,0,0,0,Nathaniel Phillips,Defender,Liverpool,4.0,Low Sample,0.0,0.0,0,0.0,0.0,0.0,0.0,0.0
307,Andrew,Robertson,Robertson,2,11,65,1689,3,2,1.9,4.4,3,22,22.83,0,8,76,2,0,Andrew Robertson,Defender,Liverpool,6.5,Sufficient Sample,0.15985790408525755,0.10657193605683837,5,0.2664298401420959,11.692307692307692,1.1,-2.4000000000000004,49.3859649122807
308,Mohamed,Salah,Salah,3,11,134,2531,18,12,20.89,7.47,8,30,32.22,0,24,211,2,0,Mohamed Salah,Midfielder,Liverpool,13.4,Sufficient Sample,0.6400632161201106,0.4267088107467404,30,1.066772026866851,15.746268656716417,-2.8900000000000006,4.53,74.00584795321637
309,Dominik,Szoboszlai,Szoboszlai,3,11,71,2102,3,4,3.64,5.13,8,23,25.06,0,7,99,1,0,Dominik Szoboszlai,Midfielder,Liverpool,7.1,Sufficient Sample,0.12844909609895339,0.1712654614652712,7,0.29971455756422455,13.943661971830986,-0.6400000000000001,-1.13,61.46198830409356
310,Thiago,Alcántara do Nascimento,Thiago,3,11,47,5,0,0,0.0,0.0,0,1,0.03,0,0,1,0,0,Thiago Alcántara do Nascimento,Midfielder,Liverpool,4.7,Low Sample,0.0,0.0,0,0.0,0.2127659574468085,0.0,0.0,0.14619883040935672
311,Konstantinos,Tsimikas,Tsimikas,2,11,43,675,0,3,0.09,1.26,4,7,8.46,0,4,48,0,0,Konstantinos Tsimikas,Defender,Liverpool,4.3,Sufficient Sample,0.0,0.4,3,0.4,11.162790697674419,-0.09,1.74,19.736842105263158
312,Sepp,van den Berg,Van den Berg,2,11,40,0,0,0,0.0,0.0,0,0,0.0,0,0,0,0,0,Sepp van den Berg,Defender,Liverpool,4.0,Low Sample,0.0,0.0,0,0.0,0.0,0.0,0.0,0.0
313,Virgil,van Dijk,Virgil,2,11,66,3177,2,2,2.88,1.04,9,40,45.72,0,8,117,3,1,Virgil van Dijk,Defender,Liverpool,6.6,Sufficient Sample,0.056657223796034,0.056657223796034,4,0.113314447592068,17.727272727272727,-0.8799999999999999,0.96,92.89473684210526
626,Jarell,Quansah,Quansah,2,11,40,1188,2,0,1.04,0.19,2,15,14.28,0,5,49,1,0,Jarell Quansah,Defender,Liverpool,4.0,Sufficient Sample,0.15151515151515152,0.0,2,0.15151515151515152,12.25,0.96,-0.19,34.73684210526316
627,Bobby,Clark,Clark,3,11,44,86,0,0,0.14,0.01,0,0,1.75,0,0,5,0,0,Bobby Clark,Midfielder,Liverpool,4.4,Low Sample,0.0,0.0,0,0.0,1.1363636363636362,-0.14,-0.01,2.5146198830409356
628,Ben,Doak,Doak,3,11,43,13,0,0,0.0,0.0,0,0,0.14,0,0,1,0,0,Ben Doak,Midfielder,Liverpool,4.3,Low Sample,0.0,0.0,0,0.0,0.23255813953488372,0.0,0.0,0.38011695906432746
629,James,McConnell,McConnell,3,11,44,3,0,0,0.0,0.0,0,0,0.01,0,0,3,0,0,James McConnell,Midfielder,Liverpool,4.4,Low Sample,0.0,0.0,0,0.0,0.6818181818181818,0.0,0.0,0.08771929824561403
668,Wataru,Endo,Endo,3,11,54,1714,1,0,0.51,1.53,6,16,22.42,0,0,47,10,0,Wataru Endo,Midfielder,Liverpool,5.4,Sufficient Sample,0.05250875145857643,0.0,1,0.05250875145857643,8.703703703703702,0.49,-1.53,50.11695906432748
708,Ryan,Gravenberch,Gravenberch,3,11,50,1110,1,0,2.08,1.35,3,17,15.05,0,3,45,0,0,Ryan Gravenberch,Midfielder,Liverpool,5.0,Sufficient Sample,0.08108108108108107,0.0,1,0.08108108108108107,9.0,-1.08,-1.35,32.45614035087719
726,Luke,Chambers,Chambers,2,11,40,0,0,0,0.0,0.0,0,0,0.0,0,0,0,0,0,Luke Chambers,Defender,Liverpool,4.0,Low Sample,0.0,0.0,0,0.0,0.0,0.0,0.0,0.0
728,Callum,Scanlon,Scanlon,2,11,39,0,0,0,0.0,0.0,0,0,0.0,0,0,0,0,0,Callum Scanlon,Defender,Liverpool,3.9,Low Sample,0.0,0.0,0,0.0,0.0,0.0,0.0,0.0
743,Treymaurice,Nyoni,Nyoni,3,11,45,0,0,0,0.0,0.0,0,0,0.0,0,0,0,0,0,Treymaurice Nyoni,Midfielder,Liverpool,4.5,Low Sample,0.0,0.0,0,0.0,0.0,0.0,0.0,0.0
756,Marcelo,de Araújo Pitaluga Filho,Pitaluga,1,11,40,0,0,0,0.0,0.0,0,0,0.0,0,0,0,0,0,Marcelo de Araújo Pitaluga Filho,Goalkeeper,Liverpool,4.0,Low Sample,0.0,0.0,0,0.0,0.0,0.0,0.0,0.0
757,Conor,Bradley,Bradley,2,11,41,752,1,3,0.91,1.24,3,7,7.47,0,7,50,2,0,Conor Bradley,Defender,Liverpool,4.1,Sufficient Sample,0.11968085106382978,0.35904255319148937,4,0.4787234042553191,12.195121951219512,0.08999999999999997,1.76,21.98830409356725
782,Owen,Beck,Beck,2,11,45,7,0,0,0.0,0.0,0,0,0.95,0,0,1,0,0,Owen Beck,Defender,Liverpool,4.5,Low Sample,0.0,0.0,0,0.0,0.2222222222222222,0.0,0.0,0.20467836257309943
783,Kaide,Gordon,Gordon,3,11,45,1,0,0,0.0,0.0,0,0,0.44,0,0,1,0,0,Kaide Gordon,Midfielder,Liverpool,4.5,Low Sample,0.0,0.0,0,0.0,0.2222222222222222,0.0,0.0,0.029239766081871347
812,Lewis,Koumas,Koumas,4,11,45,0,0,0,0.0,0.0,0,0,0.0,0,0,0,0,0,Lewis Koumas,Forward,Liverpool,4.5,Low Sample,0.0,0.0,0,0.0,0.0,0.0,0.0,0.0
813,Fabian,Mrozek,Mrozek,1,11,40,0,0,0,0.0,0.0,0,0,0.0,0,0,0,0,0,Fabian Mrozek,Goalkeeper,Liverpool,4.0,Low Sample,0.0,0.0,0,0.0,0.0,0.0,0.0,0.0
824,Jayden,Danns,Danns,4,11,43,7,0,0,0.0,0.01,0,0,0.13,0,0,1,1,0,Jayden Danns,Forward,Liverpool,4.3,Low Sample,0.0,0.0,0,0.0,0.23255813953488372,0.0,-0.01,0.20467836257309943
837,Amara,Nallo,Nallo,2,11,40,0,0,0,0.0,0.0,0,0,0.0,0,0,0,0,0,Amara Nallo,Defender,Liverpool,4.0,Low Sample,0.0,0.0,0,0.0,0.0,0.0,0.0,0.0
21,Albert,Sambi Lokonga,Sambi,3,12,49,1304,1,3,0.55,0.79,2,31,25.2,0,4,47,4,0,Albert Sambi Lokonga,Midfielder,Luton,4.9,Sufficient Sample,0.06901840490797546,0.20705521472392638,4,0.27607361963190186,9.591836734693876,0.44999999999999996,2.21,38.12865497076024
52,Marvelous,Nakamba,Nakamba,3,12,43,1131,0,0,0.18,0.49,0,24,26.26,0,0,21,5,0,Marvelous Nakamba,Midfielder,Luton,4.3,Sufficient Sample,0.0,0.0,0,0.0,4.883720930232558,-0.18,-0.49,33.070175438596486
314,Elijah,Adebayo,Adebayo,4,12,48,1405,10,1,5.47,0.44,2,36,29.29,0,9,94,1,0,Elijah Adebayo,Forward,Luton,4.8,Sufficient Sample,0.6405693950177936,0.06405693950177936,11,0.704626334519573,19.583333333333336,4.53,0.56,41.08187134502924
315,Mads Juel,Andersen,Andersen,2,12,38,397,1,0,0.26,0.0,0,6,7.64,0,1,15,1,0,Mads Juel Andersen,Defender,Luton,3.8,Low Sample,0.22670025188916876,0.0,1,0.22670025188916876,3.947368421052632,0.74,0.0,11.608187134502925
316,Amari'i,Bell,Bell,2,12,38,1720,0,0,0.38,0.43,2,41,38.68,0,3,35,0,0,Amari'i Bell,Defender,Luton,3.8,Sufficient Sample,0.0,0.0,0,0.0,9.210526315789474,-0.38,-0.43,50.29239766081871
317,Luke,Berry,Berry,3,12,46,309,2,1,0.99,0.15,0,8,9.8,0,0,31,1,0,Luke Berry,Midfielder,Luton,4.6,Low Sample,0.5825242718446603,0.29126213592233013,3,0.8737864077669903,6.739130434782609,1.01,0.85,9.035087719298247
318,Reece,Burke,Burke,2,12,40,1659,0,4,1.86,0.92,1,37,36.53,0,2,40,5,0,Reece Burke,Defender,Luton,4.0,Sufficient Sample,0.0,0.21699819168173598,4,0.21699819168173598,10.0,-1.86,3.08,48.50877192982456
319,Allan,Campbell,Campbell,3,12,49,0,0,0,0.0,0.0,0,0,0.0,0,0,0,0,0,Allan Campbell,Midfielder,Luton,4.9,Low Sample,0.0,0.0,0,0.0,0.0,0.0,0.0,0.0
320,Jordan,Clark,Clark,3,12,48,1297,1,1,1.1,1.19,1,41,31.01,0,3,44,4,0,Jordan Clark,Midfielder,Luton,4.8,Sufficient Sample,0.06939090208172706,0.06939090208172706,2,0.13878180416345412,9.166666666666668,-0.10000000000000009,-0.18999999999999995,37.92397660818713
321,Alfie,Doughty,Doughty,2,12,43,2923,2,10,1.39,5.55,2,74,67.6,0,11,101,5,0,Alfie Doughty,Defender,Luton,4.3,Sufficient Sample,0.06158056790968184,0.3079028395484092,12,0.36948340745809105,23.48837209302326,0.6100000000000001,4.45,85.46783625730994
322,Luke,Freeman,Freeman,3,12,49,0,0,0,0.0,0.0,0,0,0.0,0,0,0,0,0,Luke Freeman,Midfielder,Luton,4.9,Low Sample,0.0,0.0,0,0.0,0.0,0.0,0.0,0.0
323,Matt,Macey,Macey,1,12,40,0,0,0,0.0,0.0,0,0,0.0,0,0,0,0,0,Matt Macey,Goalkeeper,Luton,4.0,Low Sample,0.0,0.0,0,0.0,0.0,0.0,0.0,0.0
324,John,McAtee,McAtee,4,12,45,0,0,0,0.0,0.0,0,0,0.0,0,0,0,0,0,John McAtee,Forward,Luton,4.5,Low Sample,0.0,0.0,0,0.0,0.0,0.0,0.0,0.0
325,Carlos,Mendes Gomes,Mendes,3,12,45,0,0,0,0.0,0.0,0,0,0.0,0,0,0,0,0,Carlos Mendes Gomes,Midfielder,Luton,4.5,Low Sample,0.0,0.0,0,0.0,0.0,0.0,0.0,0.0
326,Carlton,Morris,Morris,4,12,47,2859,11,6,11.53,1.52,3,72,67.19,0,18,146,4,0,Carlton Morris,Forward,Luton,4.7,Sufficient Sample,0.3462749213011543,0.1888772298006296,17,0.5351521511017838,31.06382978723404,-0.5299999999999994,4.48,83.59649122807018
327,Admiral,Muskwe,Muskwe,4,12,45,0,0,0,0.0,0.0,0,0,0.0,0,0,0,0,0,Admiral Muskwe,Forward,Luton,4.5,Low Sample,0.0,0.0,0,0.0,0.0,0.0,0.0,0.0
328,Chiedozie,Ogbene,Ogbene,4,12,48,1987,4,4,4.47,3.5,2,47,46.3,0,7,84,1,0,Chiedozie Ogbene,Forward,Luton,4.8,Sufficient Sample,0.18117765475591344,0.18117765475591344,8,0.3623553095118269,17.5,-0.46999999999999975,0.5,58.099415204678365
329,Fred,Onyedinma,Onyedinma,3,12,50,403,0,0,0.15,0.42,0,14,11.15,0,0,11,1,0,Fred Onyedinma,Midfielder,Luton,5.0,Low Sample,0.0,0.0,0,0.0,2.2,-0.15,-0.42,11.783625730994151
330,Gabriel,Osho,Osho,2,12,44,1846,2,0,1.09,0.16,2,47,45.02,0,1,41,3,0,Gabriel Osho,Defender,Luton,4.4,Sufficient Sample,0.09750812567713975,0.0,2,0.09750812567713975,9.318181818181817,0.9099999999999999,-0.16,53.9766081871345
331,Aribim,Pepple,Pepple,4,12,45,0,0,0,0.0,0.0,0,0,0.0,0,0,0,0,0,Aribim Pepple,Forward,Luton,4.5,Low Sample,0.0,0.0,0,0.0,0.0,0.0,0.0,0.0
332,Dion,Pereira,Pereira,3,12,44,0,0,0,0.0,0.0,0,0,0.0,0,0,0,0,0,Dion Pereira,Midfielder,Luton,4.4,Low Sample,0.0,0.0,0,0.0,0.0,0.0,0.0,0.0
333,Dan,Potts,Potts,2,12,39,0,0,0,0.0,0.0,0,0,0.0,0,0,0,0,0,Dan Potts,Defender,Luton,3.9,Low Sample,0.0,0.0,0,0.0,0.0,0.0,0.0,0.0
334,Glen,Rea,Rea,3,12,44,0,0,0,0.0,0.0,0,0,0.0,0,0,0,0,0,Glen Rea,Midfielder,Luton,4.4,Low Sample,0.0,0.0,0,0.0,0.0,0.0,0.0,0.0
335,James,Shea,Shea,1,12,42,14,0,0,0.0,0.0,0,0,0.43,2,0,1,0,0,James Shea,Goalkeeper,Luton,4.2,Low Sample,0.0,0.0,0,0.0,0.23809523809523808,0.0,0.0,0.40935672514619886
336,Joe,Taylor,Taylor,4,12,45,0,0,0,0.0,0.0,0,0,0.0,0,0,0,0,0,Joe Taylor,Forward,Luton,4.5,Low Sample,0.0,0.0,0,0.0,0.0,0.0,0.0,0.0
337,Elliot,Thorpe,Thorpe,3,12,45,0,0,0,0.0,0.0,0,0,0.0,0,0,0,0,0,Elliot Thorpe,Midfielder,Luton,4.5,Low Sample,0.0,0.0,0,0.0,0.0,0.0,0.0,0.0
338,Jack,Walton,Walton,1,12,40,0,0,0,0.0,0.0,0,0,0.0,0,0,0,0,0,Jack Walton,Goalkeeper,Luton,4.0,Low Sample,0.0,0.0,0,0.0,0.0,0.0,0.0,0.0
339,Louie,Watson,Watson,3,12,44,0,0,0,0.0,0.0,0,0,0.0,0,0,0,0,0,Louie Watson,Midfielder,Luton,4.4,Low Sample,0.0,0.0,0,0.0,0.0,0.0,0.0,0.0
340,Cauley,Woodrow,Woodrow,4,12,43,406,1,1,1.32,0.85,0,11,10.92,0,3,33,2,0,Cauley Woodrow,Forward,Luton,4.3,Low Sample,0.22167487684729065,0.22167487684729065,2,0.4433497536945813,7.674418604651163,-0.32000000000000006,0.15000000000000002,11.871345029239766
393,Teden,Mengi,Mengi,2,12,39,2467,1,0,0.54,0.56,1,59,55.92,0,1,42,3,0,Teden Mengi,Defender,Luton,3.9,Sufficient Sample,0.03648155654641265,0.0,1,0.03648155654641265,10.76923076923077,0.45999999999999996,-0.56,72.13450292397661
553,Ryan,Giles,Giles,2,12,42,498,0,0,0.12,0.56,0,14,14.04,0,0,11,0,0,Ryan Giles,Defender,Luton,4.2,Sufficient Sample,0.0,0.0,0,0.0,2.619047619047619,-0.12,-0.56,14.561403508771932
575,Tom,Lockyer,Lockyer,2,12,42,1169,1,1,0.99,0.29,0,23,27.64,0,1,23,4,0,Tom Lockyer,Defender,Luton,4.2,Sufficient Sample,0.07698887938408897,0.07698887938408897,2,0.15397775876817793,5.476190476190476,0.010000000000000009,0.71,34.1812865497076
582,Pelly Ruddock,Mpanzu,Mpanzu,3,12,46,1085,0,0,0.6,1.41,1,29,29.41,0,0,35,1,0,Pelly Ruddock Mpanzu,Midfielder,Luton,4.6,Sufficient Sample,0.0,0.0,0,0.0,7.608695652173914,-0.6,-1.41,31.725146198830412
586,Tahith,Chong,Chong,3,12,44,1972,4,2,2.7,1.33,0,51,47.8,0,3,78,4,0,Tahith Chong,Midfielder,Luton,4.4,Sufficient Sample,0.18255578093306288,0.09127789046653144,6,0.2738336713995943,17.727272727272727,1.2999999999999998,0.6699999999999999,57.66081871345029
602,Issa,Kaboré,Kaboré,2,12,40,1727,0,3,0.22,1.87,0,39,38.04,0,3,34,7,0,Issa Kaboré,Defender,Luton,4.0,Sufficient Sample,0.0,0.15634047481181237,3,0.15634047481181237,8.5,-0.22,1.13,50.49707602339182
614,Thomas,Kaminski,Kaminski,1,12,45,3405,0,0,0.0,0.04,2,85,79.15,144,3,86,3,0,Thomas Kaminski,Goalkeeper,Luton,4.5,Sufficient Sample,0.0,0.0,0,0.0,19.11111111111111,0.0,-0.04,99.56140350877193
630,Ross,Barkley,Barkley,3,12,45,2616,5,5,3.91,2.73,2,66,60.84,0,4,101,6,0,Ross Barkley,Midfielder,Luton,4.5,Sufficient Sample,0.1720183486238532,0.1720183486238532,10,0.3440366972477064,22.444444444444443,1.0899999999999999,2.27,76.49122807017544
631,Jacob,Brown,Brown,4,12,49,1013,2,1,2.81,0.44,1,26,27.75,0,3,39,4,0,Jacob Brown,Forward,Luton,4.9,Sufficient Sample,0.17769002961500494,0.08884501480750247,3,0.26653504442250736,7.959183673469387,-0.81,0.56,29.619883040935672
648,Aidan,Francis-Clarke,Francis-Clarke,2,12,40,0,0,0,0.0,0.0,0,0,0.0,0,0,0,0,0,Aidan Francis-Clarke,Defender,Luton,4.0,Low Sample,0.0,0.0,0,0.0,0.0,0.0,0.0,0.0
665,Tim,Krul,Krul,1,12,44,0,0,0,0.0,0.0,0,0,0.0,0,0,0,0,0,Tim Krul,Goalkeeper,Luton,4.4,Low Sample,0.0,0.0,0,0.0,0.0,0.0,0.0,0.0
682,Joseph,Johnson,Johnson,2,12,40,75,0,0,0.0,0.0,0,5,1.82,0,0,0,1,0,Joseph Johnson,Defender,Luton,4.0,Low Sample,0.0,0.0,0,0.0,0.0,0.0,0.0,2.1929824561403506
727,Andros,Townsend,Townsend,3,12,50,1197,1,4,1.48,1.8,3,27,26.2,0,3,61,1,0,Andros Townsend,Midfielder,Luton,5.0,Sufficient Sample,0.07518796992481203,0.3007518796992481,5,0.37593984962406013,12.2,-0.48,2.2,35.0
729,Jayden,Luker,Luker,3,12,45,0,0,0,0.0,0.0,0,0,0.0,0,0,0,0,0,Jayden Luker,Midfielder,Luton,4.5,Low Sample,0.0,0.0,0,0.0,0.0,0.0,0.0,0.0
734,Zack,Nelson,Nelson,3,12,45,4,0,0,0.0,0.0,0,1,1.0,0,0,2,0,0,Zack Nelson,Midfielder,Luton,4.5,Low Sample,0.0,0.0,0,0.0,0.4444444444444444,0.0,0.0,0.11695906432748539
798,Daiki,Hashioka,Hashioka,2,12,40,592,0,0,0.1,0.26,0,21,12.83,0,0,4,0,0,Daiki Hashioka,Defender,Luton,4.0,Sufficient Sample,0.0,0.0,0,0.0,1.0,-0.1,-0.26,17.309941520467838
831,Axel,Piesold,Piesold,3,12,45,0,0,0,0.0,0.0,0,0,0.0,0,0,0,0,0,Axel Piesold,Midfielder,Luton,4.5,Low Sample,0.0,0.0,0,0.0,0.0,0.0,0.0,0.0
839,Dominic,Dos Santos Martins,Martins,3,12,45,0,0,0,0.0,0.0,0,0,0.0,0,0,0,0,0,Dominic Dos Santos Martins,Midfielder,Luton,4.5,Low Sample,0.0,0.0,0,0.0,0.0,0.0,0.0,0.0
844,Christian,Chigozie,Chigozie,2,12,40,0,0,0,0.0,0.0,0,0,0.0,0,0,0,0,0,Christian Chigozie,Defender,Luton,4.0,Low Sample,0.0,0.0,0,0.0,0.0,0.0,0.0,0.0
848,Taylan,Harris,Harris,4,12,45,0,0,0,0.0,0.0,0,0,0.0,0,0,0,0,0,Taylan Harris,Forward,Luton,4.5,Low Sample,0.0,0.0,0,0.0,0.0,0.0,0.0,0.0
341,Manuel,Akanji,Akanji,2,13,50,2512,2,0,1.77,1.79,11,23,25.72,0,8,112,2,1,Manuel Akanji,Defender,Man City,5.0,Sufficient Sample,0.07165605095541401,0.0,2,0.07165605095541401,22.4,0.22999999999999998,-1.79,73.45029239766082
342,Nathan,Aké,Aké,2,13,50,2039,2,3,2.47,1.14,6,20,21.14,0,6,99,0,0,Nathan Aké,Defender,Man City,5.0,Sufficient Sample,0.08827856792545366,0.13241785188818048,5,0.22069641981363414,19.8,-0.4700000000000002,1.86,59.619883040935676
343,Julián,Álvarez,J.Alvarez,4,13,64,2644,11,11,13.07,6.28,12,24,25.52,0,17,158,2,0,Julián Álvarez,Forward,Man City,6.4,Sufficient Sample,0.3744326777609682,0.3744326777609682,22,0.7488653555219364,24.6875,-2.0700000000000003,4.72,77.30994152046785
344,Bernardo,Veiga de Carvalho e Silva,Bernardo,3,13,62,2576,6,9,3.54,8.05,10,26,26.4,0,20,141,8,0,Bernardo Veiga de Carvalho e Silva,Midfielder,Man City,6.2,Sufficient Sample,0.20962732919254656,0.31444099378881984,15,0.5240683229813664,22.741935483870968,2.46,0.9499999999999993,75.3216374269006
345,Oscar,Bobb,Bobb,3,13,44,294,1,2,1.5,1.1,1,5,2.91,0,2,30,0,0,Oscar Bobb,Midfielder,Man City,4.4,Low Sample,0.30612244897959184,0.6122448979591837,3,0.9183673469387755,6.8181818181818175,-0.5,0.8999999999999999,8.596491228070176
346,João,Cancelo,Cancelo,2,13,58,0,0,0,0.0,0.0,0,0,0.0,0,0,0,0,0,João Cancelo,Defender,Man City,5.8,Low Sample,0.0,0.0,0,0.0,0.0,0.0,0.0,0.0
347,Scott,Carson,Carson,1,13,38,0,0,0,0.0,0.0,0,0,0.0,0,0,0,0,0,Scott Carson,Goalkeeper,Man City,3.8,Low Sample,0.0,0.0,0,0.0,0.0,0.0,0.0,0.0
348,Shea,Charles,Charles,3,13,45,0,0,0,0.0,0.0,0,0,0.0,0,0,0,0,0,Shea Charles,Midfielder,Man City,4.5,Low Sample,0.0,0.0,0,0.0,0.0,0.0,0.0,0.0
349,Kevin,De Bruyne,De Bruyne,3,13,106,1219,4,10,2.4,6.9,7,8,10.92,0,11,98,2,0,Kevin De Bruyne,Midfielder,Man City,10.6,Sufficient Sample,0.29532403609515995,0.7383100902379,14,1.03363412633306,9.245283018867925,1.6,3.0999999999999996,35.643274853801174
350,Rúben,Gato Alves Dias,Rúben,2,13,55,2557,0,0,1.38,1.93,9,28,25.12,0,3,88,0,0,Rúben Gato Alves Dias,Defender,Man City,5.5,Sufficient Sample,0.0,0.0,0,0.0,16.0,-1.38,-1.93,74.76608187134502
352,Ederson,Santana de Moraes,Ederson M.,1,13,55,2785,0,0,0.0,0.03,11,27,27.43,57,5,112,5,0,Ederson Santana de Moraes,Goalkeeper,Man City,5.5,Sufficient Sample,0.0,0.0,0,0.0,20.363636363636363,0.0,-0.03,81.43274853801171
353,Phil,Foden,Foden,3,13,85,2860,19,8,10.17,6.95,14,27,28.51,0,31,230,2,0,Phil Foden,Midfielder,Man City,8.5,Sufficient Sample,0.5979020979020979,0.2517482517482517,27,0.8496503496503496,27.058823529411764,8.83,1.0499999999999998,83.62573099415205
354,Jack,Grealish,Grealish,3,13,72,998,3,1,2.17,2.69,3,13,12.58,0,6,50,6,0,Jack Grealish,Midfielder,Man City,7.2,Sufficient Sample,0.27054108216432865,0.09018036072144289,4,0.36072144288577157,6.944444444444445,0.8300000000000001,-1.69,29.181286549707604
355,Erling,Haaland,Haaland,4,13,143,2553,27,8,29.57,2.18,11,25,25.65,0,29,217,1,0,Erling Haaland,Forward,Man City,14.3,Sufficient Sample,0.9518213866039953,0.282021151586369,35,1.2338425381903642,15.174825174825173,-2.5700000000000003,5.82,74.64912280701755
356,Mateo,Kovačić,Kovačić,3,13,46,1539,1,0,1.24,1.66,9,14,13.55,0,2,59,4,0,Mateo Kovačić,Midfielder,Man City,4.6,Sufficient Sample,0.05847953216374269,0.0,1,0.05847953216374269,12.82608695652174,-0.24,-1.66,45.0
357,Aymeric,Laporte,Laporte,2,13,49,11,0,0,0.12,0.0,0,0,0.07,0,0,1,0,0,Aymeric Laporte,Defender,Man City,4.9,Low Sample,0.0,0.0,0,0.0,0.2040816326530612,-0.12,0.0,0.32163742690058483
358,Rico,Lewis,R.Lewis,2,13,42,804,2,0,0.63,1.25,4,9,8.73,0,2,52,1,0,Rico Lewis,Defender,Man City,4.2,Sufficient Sample,0.22388059701492538,0.0,2,0.22388059701492538,12.38095238095238,1.37,-1.25,23.50877192982456
359,Riyad,Mahrez,Mahrez,3,13,75,0,0,0,0.0,0.0,0,0,0.0,0,0,0,0,0,Riyad Mahrez,Midfielder,Man City,7.5,Low Sample,0.0,0.0,0,0.0,0.0,0.0,0.0,0.0
361,Stefan,Ortega Moreno,Ortega Moreno,1,13,36,632,0,0,0.0,0.0,1,7,7.17,20,2,22,0,0,Stefan Ortega Moreno,Goalkeeper,Man City,3.6,Sufficient Sample,0.0,0.0,0,0.0,6.111111111111111,0.0,0.0,18.47953216374269
363,Máximo,Perrone,Perrone,3,13,44,0,0,0,0.0,0.0,0,0,0.0,0,0,0,0,0,Máximo Perrone,Midfielder,Man City,4.4,Low Sample,0.0,0.0,0,0.0,0.0,0.0,0.0,0.0
365,Rodrigo,Hernandez,Rodrigo,3,13,56,2931,8,10,3.99,6.15,14,26,29.89,0,19,159,8,1,Rodrigo Hernandez,Midfielder,Man City,5.6,Sufficient Sample,0.24564994882292732,0.3070624360286591,18,0.5527123848515865,28.392857142857146,4.01,3.8499999999999996,85.70175438596492
366,Sergio,Gómez,Sergio Gómez,2,13,38,48,0,1,0.32,0.19,0,2,1.42,0,0,9,0,0,Sergio Gómez,Defender,Man City,3.8,Low Sample,0.0,1.875,1,1.875,2.368421052631579,-0.32,0.81,1.4035087719298245
367,Zack,Steffen,Steffen,1,13,39,0,0,0,0.0,0.0,0,0,0.0,0,0,0,0,0,Zack Steffen,Goalkeeper,Man City,3.9,Low Sample,0.0,0.0,0,0.0,0.0,0.0,0.0,0.0
368,John,Stones,Stones,2,13,53,1061,1,0,1.06,0.4,5,9,12.27,0,3,53,2,0,John Stones,Defender,Man City,5.3,Sufficient Sample,0.08482563619227143,0.0,1,0.08482563619227143,10.0,-0.06000000000000005,-0.4,31.023391812865498
369,Kyle,Walker,Walker,2,13,55,2766,0,5,0.4,3.2,10,29,28.61,0,13,123,2,0,Kyle Walker,Defender,Man City,5.5,Sufficient Sample,0.0,0.16268980477223427,5,0.16268980477223427,22.363636363636363,-0.4,1.7999999999999998,80.87719298245614
566,Matheus Luiz,Nunes,Matheus N.,3,13,47,831,0,2,0.89,1.71,2,13,10.39,0,1,32,0,1,Matheus Luiz Nunes,Midfielder,Man City,4.7,Sufficient Sample,0.0,0.21660649819494587,2,0.21660649819494587,6.808510638297872,-0.89,0.29000000000000004,24.29824561403509
616,Joško,Gvardiol,Gvardiol,2,13,52,2327,4,2,3.14,2.09,9,23,23.88,0,12,123,3,0,Joško Gvardiol,Defender,Man City,5.2,Sufficient Sample,0.15470562956596476,0.07735281478298238,6,0.23205844434894715,23.653846153846153,0.8599999999999999,-0.08999999999999986,68.04093567251462
678,Jérémy,Doku,Doku,3,13,64,1585,3,10,2.57,5.85,1,19,16.21,0,13,98,3,0,Jérémy Doku,Midfielder,Man City,6.4,Sufficient Sample,0.17034700315457413,0.5678233438485805,13,0.7381703470031545,15.3125,0.43000000000000016,4.15,46.345029239766085
762,Mahamadou,Susoho,Susoho,3,13,45,0,0,0,0.0,0.0,0,0,0.0,0,0,0,0,0,Mahamadou Susoho,Midfielder,Man City,4.5,Low Sample,0.0,0.0,0,0.0,0.0,0.0,0.0,0.0
771,Micah,Hamilton,Hamilton,3,13,45,0,0,0,0.0,0.0,0,0,0.0,0,0,0,0,0,Micah Hamilton,Midfielder,Man City,4.5,Low Sample,0.0,0.0,0,0.0,0.0,0.0,0.0,0.0
814,Jacob,Wright,Wright,3,13,45,0,0,0,0.0,0.0,0,0,0.0,0,0,0,0,0,Jacob Wright,Midfielder,Man City,4.5,Low Sample,0.0,0.0,0,0.0,0.0,0.0,0.0,0.0
209,Mason,Mount,Mount,3,14,68,509,1,0,0.37,0.37,1,13,9.95,0,0,23,2,0,Mason Mount,Midfielder,Man Utd,6.8,Sufficient Sample,0.1768172888015717,0.0,1,0.1768172888015717,3.3823529411764706,0.63,-0.37,14.883040935672515
370,Alex,Telles,Alex Telles,2,14,45,0,0,0,0.0,0.0,0,0,0.0,0,0,0,0,0,Alex Telles,Defender,Man Utd,4.5,Low Sample,0.0,0.0,0,0.0,0.0,0.0,0.0,0.0
371,Amad,Diallo,Amad,3,14,44,385,1,1,0.53,0.47,1,6,7.66,0,3,23,1,0,Amad Diallo,Midfielder,Man Utd,4.4,Low Sample,0.23376623376623376,0.23376623376623376,2,0.4675324675324675,5.227272727272727,0.47,0.53,11.257309941520468
372,Antony Matheus,dos Santos,Antony,3,14,68,1311,1,1,3.38,1.83,3,26,25.18,0,0,47,5,0,Antony Matheus dos Santos,Midfielder,Man Utd,6.8,Sufficient Sample,0.06864988558352403,0.06864988558352403,2,0.13729977116704806,6.911764705882353,-2.38,-0.8300000000000001,38.333333333333336
373,Bruno,Borges Fernandes,B.Fernandes,3,14,85,3118,10,9,9.73,10.23,7,52,63.99,0,24,166,9,0,Bruno Borges Fernandes,Midfielder,Man Utd,8.5,Sufficient Sample,0.28864656831302116,0.25978191148171903,19,0.5484284797947402,19.529411764705884,0.2699999999999996,-1.2300000000000004,91.16959064327486
374,Brandon,Williams,B.Williams,2,14,40,0,0,0,0.0,0.0,0,0,0.0,0,0,0,0,0,Brandon Williams,Defender,Man Utd,4.0,Low Sample,0.0,0.0,0,0.0,0.0,0.0,0.0,0.0
375,Eric,Bailly,Bailly,2,14,40,0,0,0,0.0,0.0,0,0,0.0,0,0,0,0,0,Eric Bailly,Defender,Man Utd,4.0,Low Sample,0.0,0.0,0,0.0,0.0,0.0,0.0,0.0
376,Carlos Henrique,Casimiro,Casemiro,3,14,53,1981,1,3,3.64,1.2,5,34,40.58,0,0,58,7,0,Carlos Henrique Casimiro,Midfielder,Man Utd,5.3,Sufficient Sample,0.04543160020191822,0.13629480060575466,4,0.18172640080767288,10.943396226415095,-2.64,1.8,57.92397660818713
377,Diogo,Dalot Teixeira,Dalot,2,14,52,3174,2,3,1.67,2.38,8,55,64.76,0,13,111,4,1,Diogo Dalot Teixeira,Defender,Man Utd,5.2,Sufficient Sample,0.05671077504725898,0.08506616257088848,5,0.14177693761814744,21.346153846153847,0.33000000000000007,0.6200000000000001,92.80701754385964
379,Christian,Eriksen,Eriksen,3,14,58,1134,1,2,0.97,2.46,2,27,20.08,0,4,48,1,0,Christian Eriksen,Midfielder,Man Utd,5.8,Sufficient Sample,0.07936507936507936,0.15873015873015872,3,0.2380952380952381,8.275862068965518,0.030000000000000027,-0.45999999999999996,33.1578947368421
380,Álvaro,Fernández Carreras,Fernandez,2,14,40,0,0,0,0.0,0.0,0,0,0.0,0,0,0,0,0,Álvaro Fernández Carreras,Defender,Man Utd,4.0,Low Sample,0.0,0.0,0,0.0,0.0,0.0,0.0,0.0
381,Frederico,Rodrigues de Paula Santos,Fred,3,14,50,0,0,0,0.0,0.0,0,0,0.0,0,0,0,0,0,Frederico Rodrigues de Paula Santos,Midfielder,Man Utd,5.0,Low Sample,0.0,0.0,0,0.0,0.0,0.0,0.0,0.0
382,Alejandro,Garnacho,Garnacho,3,14,50,2564,7,7,8.23,2.81,8,39,51.56,0,7,131,4,0,Alejandro Garnacho,Midfielder,Man Utd,5.0,Sufficient Sample,0.24570982839313574,0.24570982839313574,14,0.4914196567862715,26.2,-1.2300000000000004,4.1899999999999995,74.97076023391813
383,Hannibal,Mejbri,Hannibal,3,14,43,131,1,0,0.03,0.48,1,1,3.48,0,0,11,1,0,Hannibal Mejbri,Midfielder,Man Utd,4.3,Low Sample,0.6870229007633588,0.0,1,0.6870229007633588,2.558139534883721,0.97,-0.48,3.8304093567251467
384,Tom,Heaton,Heaton,1,14,39,0,0,0,0.0,0.0,0,0,0.0,0,0,0,0,0,Tom Heaton,Goalkeeper,Man Utd,3.9,Low Sample,0.0,0.0,0,0.0,0.0,0.0,0.0,0.0
386,Victor,Lindelöf,Lindelof,2,14,45,1328,1,1,0.69,0.43,5,16,25.99,0,7,62,2,0,Victor Lindelöf,Defender,Man Utd,4.5,Sufficient Sample,0.0677710843373494,0.0677710843373494,2,0.1355421686746988,13.777777777777779,0.31000000000000005,0.5700000000000001,38.83040935672515
387,Harry,Maguire,Maguire,2,14,43,1650,2,4,1.94,0.97,4,29,36.68,0,6,73,3,0,Harry Maguire,Defender,Man Utd,4.3,Sufficient Sample,0.1090909090909091,0.2181818181818182,6,0.32727272727272727,16.976744186046513,0.06000000000000005,3.0300000000000002,48.24561403508772
388,Kobbie,Mainoo,Mainoo,3,14,44,1927,3,1,0.87,1.35,7,31,42.97,0,8,77,3,0,Kobbie Mainoo,Midfielder,Man Utd,4.4,Sufficient Sample,0.1401141670991178,0.046704722366372596,4,0.18681888946549038,17.5,2.13,-0.3500000000000001,56.345029239766085
389,Tyrell,Malacia,Malacia,2,14,43,0,0,0,0.0,0.0,0,0,0.0,0,0,0,0,0,Tyrell Malacia,Defender,Man Utd,4.3,Low Sample,0.0,0.0,0,0.0,0.0,0.0,0.0,0.0
390,Anthony,Martial,Martial,4,14,64,439,1,1,1.24,0.14,1,6,8.54,0,2,25,0,0,Anthony Martial,Forward,Man Utd,6.4,Low Sample,0.20501138952164008,0.20501138952164008,2,0.41002277904328016,3.90625,-0.24,0.86,12.836257309941521
391,Lisandro,Martínez,Martinez,2,14,47,643,0,1,0.0,0.08,1,12,11.65,0,0,15,3,0,Lisandro Martínez,Defender,Man Utd,4.7,Sufficient Sample,0.0,0.1399688958009331,1,0.1399688958009331,3.1914893617021276,0.0,0.92,18.801169590643273
392,Scott,McTominay,McTominay,3,14,45,1891,7,1,6.0,0.41,7,30,39.95,0,5,98,2,0,Scott McTominay,Midfielder,Man Utd,4.5,Sufficient Sample,0.3331570597567424,0.047593865679534636,8,0.3807509254362771,21.77777777777778,1.0,0.5900000000000001,55.292397660818715
394,Facundo,Pellistri Rebollo,Pellistri,3,14,42,164,0,1,0.51,0.39,0,2,4.17,0,0,13,0,0,Facundo Pellistri Rebollo,Midfielder,Man Utd,4.2,Low Sample,0.0,0.5487804878048781,1,0.5487804878048781,3.095238095238095,-0.51,0.61,4.7953216374269
395,Raphaël,Varane,R.Varane,2,14,49,1370,1,0,0.81,0.36,3,23,27.29,0,2,44,2,0,Raphaël Varane,Defender,Man Utd,4.9,Sufficient Sample,0.06569343065693431,0.0,1,0.06569343065693431,8.979591836734693,0.18999999999999995,-0.36,40.058479532163744
396,Marcus,Rashford,Rashford,3,14,84,2264,7,3,7.13,2.8,7,37,48.29,0,0,108,2,0,Marcus Rashford,Midfielder,Man Utd,8.4,Sufficient Sample,0.2782685512367491,0.11925795053003534,10,0.39752650176678445,12.857142857142856,-0.1299999999999999,0.20000000000000018,66.19883040935673
397,Jadon,Sancho,Sancho,3,14,67,76,0,0,0.0,0.07,0,1,1.86,0,0,3,0,0,Jadon Sancho,Midfielder,Man Utd,6.7,Low Sample,0.0,0.0,0,0.0,0.44776119402985076,0.0,-0.07,2.2222222222222223
398,Luke,Shaw,Shaw,2,14,52,960,0,1,0.05,0.89,4,13,20.17,0,0,31,6,0,Luke Shaw,Defender,Man Utd,5.2,Sufficient Sample,0.0,0.09375,1,0.09375,5.961538461538462,-0.05,0.10999999999999999,28.07017543859649
399,Shola,Shoretire,Shoretire,4,14,44,0,0,0,0.0,0.0,0,0,0.0,0,0,0,0,0,Shola Shoretire,Forward,Man Utd,4.4,Low Sample,0.0,0.0,0,0.0,0.0,0.0,0.0,0.0
400,Donny,van de Beek,Van de Beek,3,14,47,2,0,0,0.04,0.03,0,0,0.0,0,0,1,0,0,Donny van de Beek,Midfielder,Man Utd,4.7,Low Sample,0.0,0.0,0,0.0,0.2127659574468085,-0.04,-0.03,0.058479532163742694
401,Aaron,Wan-Bissaka,Wan-Bissaka,2,14,44,1778,0,2,0.11,1.47,3,34,38.57,0,5,47,4,0,Aaron Wan-Bissaka,Defender,Man Utd,4.4,Sufficient Sample,0.0,0.10123734533183351,2,0.10123734533183351,10.681818181818182,-0.11,0.53,51.98830409356725
597,André,Onana,Onana,1,14,50,3420,0,0,0.0,0.08,9,58,69.64,149,10,133,5,0,André Onana,Goalkeeper,Man Utd,5.0,Sufficient Sample,0.0,0.0,0,0.0,26.6,0.0,-0.08,100.0
617,Rasmus,Højlund,Højlund,4,14,71,2156,10,2,6.97,0.96,6,35,40.64,0,14,112,2,0,Rasmus Højlund,Forward,Man Utd,7.1,Sufficient Sample,0.4174397031539889,0.08348794063079777,12,0.5009276437847866,15.774647887323944,3.0300000000000002,1.04,63.04093567251462
632,Omari,Forson,Forson,3,14,44,67,0,1,0.03,0.02,0,2,0.81,0,0,7,0,0,Omari Forson,Midfielder,Man Utd,4.4,Low Sample,0.0,1.3432835820895521,1,1.3432835820895521,1.5909090909090908,-0.03,0.98,1.95906432748538
669,Radek,Vítek,Vítek,1,14,40,0,0,0,0.0,0.0,0,0,0.0,0,0,0,0,0,Radek Vítek,Goalkeeper,Man Utd,4.0,Low Sample,0.0,0.0,0,0.0,0.0,0.0,0.0,0.0
685,Daniel,Gore,Gore,3,14,45,1,0,0,0.0,0.0,0,0,0.0,0,0,1,0,0,Daniel Gore,Midfielder,Man Utd,4.5,Low Sample,0.0,0.0,0,0.0,0.2222222222222222,0.0,0.0,0.029239766081871347
695,Altay,Bayindir,Altay,1,14,39,0,0,0,0.0,0.0,0,0,0.0,0,0,0,0,0,Altay Bayindir,Goalkeeper,Man Utd,3.9,Low Sample,0.0,0.0,0,0.0,0.0,0.0,0.0,0.0
703,Jonny,Evans,Evans,2,14,40,1389,0,1,0.06,0.27,4,24,27.68,0,3,49,2,0,Jonny Evans,Defender,Man Utd,4.0,Sufficient Sample,0.0,0.06479481641468682,1,0.06479481641468682,12.25,-0.06,0.73,40.614035087719294
709,Sofyan,Amrabat,Amrabat,3,14,50,929,0,0,0.07,0.36,2,15,19.46,0,0,26,6,0,Sofyan Amrabat,Midfielder,Man Utd,5.0,Sufficient Sample,0.0,0.0,0,0.0,5.2,-0.07,-0.36,27.163742690058477
748,Joe,Hugill,Hugill,4,14,45,0,0,0,0.0,0.0,0,0,0.0,0,0,0,0,0,Joe Hugill,Forward,Man Utd,4.5,Low Sample,0.0,0.0,0,0.0,0.0,0.0,0.0,0.0
766,Willy,Kambwala,Kambwala,2,14,39,325,0,0,0.0,0.01,0,10,8.51,0,0,5,1,0,Willy Kambwala,Defender,Man Utd,3.9,Low Sample,0.0,0.0,0,0.0,1.2820512820512822,0.0,-0.01,9.502923976608187
768,Rhys,Bennett,Bennett,2,14,40,0,0,0,0.0,0.0,0,0,0.0,0,0,0,0,0,Rhys Bennett,Defender,Man Utd,4.0,Low Sample,0.0,0.0,0,0.0,0.0,0.0,0.0,0.0
826,Toby,Collyer,Collyer,3,14,45,0,0,0,0.0,0.0,0,0,0.0,0,0,0,0,0,Toby Collyer,Midfielder,Man Utd,4.5,Low Sample,0.0,0.0,0,0.0,0.0,0.0,0.0,0.0
833,Habeeb,Ogunneye,Ogunneye,2,14,40,0,0,0,0.0,0.0,0,0,0.0,0,0,0,0,0,Habeeb Ogunneye,Defender,Man Utd,4.0,Low Sample,0.0,0.0,0,0.0,0.0,0.0,0.0,0.0
835,Dermot,Mee,Mee,1,14,40,0,0,0,0.0,0.0,0,0,0.0,0,0,0,0,0,Dermot Mee,Goalkeeper,Man Utd,4.0,Low Sample,0.0,0.0,0,0.0,0.0,0.0,0.0,0.0
846,Harry,Amass,Amass,2,14,40,0,0,0,0.0,0.0,0,0,0.0,0,0,0,0,0,Harry Amass,Defender,Man Utd,4.0,Low Sample,0.0,0.0,0,0.0,0.0,0.0,0.0,0.0
850,Ethan,Wheatley,Wheatley,4,14,45,13,0,0,0.0,0.0,0,0,0.32,0,0,3,0,0,Ethan Wheatley,Forward,Man Utd,4.5,Low Sample,0.0,0.0,0,0.0,0.6666666666666666,0.0,0.0,0.38011695906432746
856,Louis,Jackson,Jackson,2,14,40,0,0,0,0.0,0.0,0,0,0.0,0,0,0,0,0,Louis Jackson,Defender,Man Utd,4.0,Low Sample,0.0,0.0,0,0.0,0.0,0.0,0.0,0.0
204,Lewis,Hall,Hall,2,15,42,773,1,0,0.35,0.72,2,12,13.1,0,3,38,2,0,Lewis Hall,Defender,Newcastle,4.2,Sufficient Sample,0.1164294954721863,0.0,1,0.1164294954721863,9.047619047619047,0.65,-0.72,22.60233918128655
402,Miguel,Almirón Rejala,Almirón,3,15,60,1930,3,1,4.57,2.39,5,40,38.15,0,4,77,2,0,Miguel Almirón Rejala,Midfielder,Newcastle,6.0,Sufficient Sample,0.13989637305699482,0.04663212435233161,4,0.18652849740932645,12.833333333333334,-1.5700000000000003,-1.3900000000000001,56.4327485380117
403,Elliot,Anderson,Anderson,3,15,42,1018,0,2,1.63,1.25,5,14,12.49,0,3,42,3,0,Elliot Anderson,Midfielder,Newcastle,4.2,Sufficient Sample,0.0,0.1768172888015717,2,0.1768172888015717,10.0,-1.63,0.75,29.76608187134503
404,Harrison,Ashby,Ashby,2,15,40,0,0,0,0.0,0.0,0,0,0.0,0,0,0,0,0,Harrison Ashby,Defender,Newcastle,4.0,Low Sample,0.0,0.0,0,0.0,0.0,0.0,0.0,0.0
405,Sven,Botman,Botman,2,15,45,1375,2,2,0.62,0.54,3,29,31.58,0,4,51,2,0,Sven Botman,Defender,Newcastle,4.5,Sufficient Sample,0.1309090909090909,0.1309090909090909,4,0.2618181818181818,11.333333333333334,1.38,1.46,40.2046783625731
406,Bruno,Guimarães Rodriguez Moura,Bruno G.,3,15,58,3264,7,9,4.91,6.2,10,60,58.64,0,15,153,8,0,Bruno Guimarães Rodriguez Moura,Midfielder,Newcastle,5.8,Sufficient Sample,0.19301470588235295,0.24816176470588236,16,0.4411764705882353,26.379310344827587,2.09,2.8,95.43859649122807
407,Dan,Burn,Burn,2,15,47,2725,2,2,3.35,1.12,8,45,46.22,0,4,97,4,0,Dan Burn,Defender,Newcastle,4.7,Sufficient Sample,0.06605504587155964,0.06605504587155964,4,0.13211009174311927,20.638297872340424,-1.35,0.8799999999999999,79.67836257309942
408,Karl,Darlow,Darlow,1,15,40,0,0,0,0.0,0.0,0,0,0.0,0,0,0,0,0,Karl Darlow,Goalkeeper,Newcastle,4.0,Low Sample,0.0,0.0,0,0.0,0.0,0.0,0.0,0.0
409,Martin,Dubravka,Dubravka,1,15,43,1984,0,0,0.0,0.0,4,42,44.34,88,3,75,1,0,Martin Dubravka,Goalkeeper,Newcastle,4.3,Sufficient Sample,0.0,0.0,0,0.0,17.441860465116278,0.0,0.0,58.01169590643275
410,Ryan,Fraser,Fraser,3,15,49,0,0,0,0.0,0.0,0,0,0.0,0,0,0,0,0,Ryan Fraser,Midfielder,Newcastle,4.9,Low Sample,0.0,0.0,0,0.0,0.0,0.0,0.0,0.0
411,Mark,Gillespie,Gillespie,1,15,39,0,0,0,0.0,0.0,0,0,0.0,0,0,0,0,0,Mark Gillespie,Goalkeeper,Newcastle,3.9,Low Sample,0.0,0.0,0,0.0,0.0,0.0,0.0,0.0
412,Anthony,Gordon,Gordon,3,15,64,2896,11,16,10.03,5.4,12,48,51.73,0,14,183,10,1,Anthony Gordon,Midfielder,Newcastle,6.4,Sufficient Sample,0.3418508287292818,0.4972375690607735,27,0.8390883977900553,28.59375,0.9700000000000006,10.6,84.67836257309942
413,Isaac,Hayden,Hayden,3,15,44,0,0,0,0.0,0.0,0,0,0.0,0,0,0,0,0,Isaac Hayden,Midfielder,Newcastle,4.4,Low Sample,0.0,0.0,0,0.0,0.0,0.0,0.0,0.0
414,Jeff,Hendrick,Hendrick,3,15,44,0,0,0,0.0,0.0,0,0,0.0,0,0,0,0,0,Jeff Hendrick,Midfielder,Newcastle,4.4,Low Sample,0.0,0.0,0,0.0,0.0,0.0,0.0,0.0
415,Alexander,Isak,Isak,4,15,84,2253,21,4,20.22,2.68,7,41,43.41,0,23,172,1,0,Alexander Isak,Forward,Newcastle,8.4,Sufficient Sample,0.8388814913448734,0.15978695073235685,25,0.9986684420772303,20.476190476190474,0.7800000000000011,1.3199999999999998,65.87719298245615
416,Joelinton Cássio,Apolinário de Lira,Joelinton,3,15,58,1276,2,1,2.82,1.09,3,23,25.3,0,3,45,6,0,Joelinton Cássio Apolinário de Lira,Midfielder,Newcastle,5.8,Sufficient Sample,0.14106583072100315,0.07053291536050157,3,0.21159874608150472,7.758620689655173,-0.8199999999999998,-0.09000000000000008,37.30994152046784
417,Emil,Krafth,Krafth,2,15,44,909,0,0,0.2,0.76,3,15,12.94,0,1,33,2,0,Emil Krafth,Defender,Newcastle,4.4,Sufficient Sample,0.0,0.0,0,0.0,7.499999999999999,-0.2,-0.76,26.57894736842105
418,Garang,Kuol,Kuol,3,15,45,0,0,0,0.0,0.0,0,0,0.0,0,0,0,0,0,Garang Kuol,Midfielder,Newcastle,4.5,Low Sample,0.0,0.0,0,0.0,0.0,0.0,0.0,0.0
419,Jamaal,Lascelles,Lascelles,2,15,37,1077,1,0,0.74,0.12,5,15,18.08,0,3,46,4,0,Jamaal Lascelles,Defender,Newcastle,3.7,Sufficient Sample,0.08356545961002786,0.0,1,0.08356545961002786,12.432432432432432,0.26,-0.12,31.49122807017544
420,Jamal,Lewis,J.Lewis,2,15,40,0,0,0,0.0,0.0,0,0,0.0,0,0,0,0,0,Jamal Lewis,Defender,Newcastle,4.0,Low Sample,0.0,0.0,0,0.0,0.0,0.0,0.0,0.0
421,Sean,Longstaff,Longstaff,3,15,48,2742,6,3,6.76,2.8,10,50,51.59,0,3,110,7,0,Sean Longstaff,Midfielder,Newcastle,4.8,Sufficient Sample,0.19693654266958427,0.09846827133479213,9,0.2954048140043764,22.916666666666668,-0.7599999999999998,0.20000000000000018,80.17543859649123
422,Javier,Manquillo Gaitán,Manquillo,2,15,40,0,0,0,0.0,0.0,0,0,0.0,0,0,0,0,0,Javier Manquillo Gaitán,Defender,Newcastle,4.0,Low Sample,0.0,0.0,0,0.0,0.0,0.0,0.0,0.0
423,Jacob,Murphy,J.Murphy,3,15,48,1184,3,8,2.23,3.35,5,21,18.42,0,4,82,1,0,Jacob Murphy,Midfielder,Newcastle,4.8,Sufficient Sample,0.22804054054054054,0.6081081081081081,11,0.8361486486486487,17.083333333333336,0.77,4.65,34.619883040935676
424,Nick,Pope,Pope,1,15,53,1345,0,0,0.02,0.0,6,16,15.92,43,1,57,1,0,Nick Pope,Goalkeeper,Newcastle,5.3,Sufficient Sample,0.0,0.0,0,0.0,10.754716981132075,-0.02,0.0,39.32748538011696
425,Matt,Ritchie,Ritchie,3,15,43,120,1,0,0.98,0.07,0,5,4.52,0,0,17,1,0,Matt Ritchie,Midfielder,Newcastle,4.3,Low Sample,0.75,0.0,1,0.75,3.9534883720930236,0.020000000000000018,-0.07,3.508771929824561
426,Allan,Saint-Maximin,Saint-Maximin,3,15,60,0,0,0,0.0,0.0,0,0,0.0,0,0,0,0,0,Allan Saint-Maximin,Midfielder,Newcastle,6.0,Low Sample,0.0,0.0,0,0.0,0.0,0.0,0.0,0.0
427,Fabian,Schär,Schär,2,15,56,3055,4,3,2.47,1.41,9,58,58.64,0,12,123,5,0,Fabian Schär,Defender,Newcastle,5.6,Sufficient Sample,0.11783960720130933,0.088379705400982,7,0.20621931260229134,21.964285714285715,1.5299999999999998,1.59,89.32748538011695
428,Matt,Targett,Targett,2,15,42,77,0,0,0.0,0.01,0,4,1.77,0,0,2,1,0,Matt Targett,Defender,Newcastle,4.2,Low Sample,0.0,0.0,0,0.0,0.47619047619047616,0.0,-0.01,2.2514619883040936
429,Sandro,Tonali,Tonali,3,15,52,437,1,0,0.62,0.47,1,5,6.66,0,0,16,2,0,Sandro Tonali,Midfielder,Newcastle,5.2,Low Sample,0.20594965675057209,0.0,1,0.20594965675057209,3.0769230769230766,0.38,-0.47,12.777777777777777
430,Kieran,Trippier,Trippier,2,15,66,2235,1,10,0.65,6.97,6,43,40.26,0,20,111,5,0,Kieran Trippier,Defender,Newcastle,6.6,Sufficient Sample,0.04026845637583893,0.4026845637583893,11,0.4429530201342282,16.81818181818182,0.35,3.0300000000000002,65.35087719298247
431,Kell,Watts,Watts,2,15,40,0,0,0,0.0,0.0,0,0,0.0,0,0,0,0,0,Kell Watts,Defender,Newcastle,4.0,Low Sample,0.0,0.0,0,0.0,0.0,0.0,0.0,0.0
432,Joe,Willock,Willock,3,15,53,415,1,0,0.88,0.57,1,9,8.03,0,0,18,0,0,Joe Willock,Midfielder,Newcastle,5.3,Low Sample,0.2168674698795181,0.0,1,0.2168674698795181,3.3962264150943398,0.12,-0.57,12.134502923976607
433,Callum,Wilson,Wilson,4,15,78,981,9,1,8.96,0.54,6,15,13.12,0,4,69,3,0,Callum Wilson,Forward,Newcastle,7.8,Sufficient Sample,0.8256880733944953,0.09174311926605504,10,0.9174311926605504,8.846153846153847,0.03999999999999915,0.45999999999999996,28.68421052631579
580,Loris,Karius,Karius,1,15,39,90,0,0,0.0,0.0,0,4,2.4,4,0,1,0,0,Loris Karius,Goalkeeper,Newcastle,3.9,Low Sample,0.0,0.0,0,0.0,0.25641025641025644,0.0,0.0,2.631578947368421
581,Paul,Dummett,Dummett,2,15,39,18,0,0,0.02,0.0,0,1,0.93,0,0,5,0,0,Paul Dummett,Defender,Newcastle,3.9,Low Sample,0.0,0.0,0,0.0,1.2820512820512822,-0.02,0.0,0.5263157894736842
603,Harvey,Barnes,Barnes,3,15,62,788,5,3,3.78,1.9,2,10,10.48,0,3,64,2,0,Harvey Barnes,Midfielder,Newcastle,6.2,Sufficient Sample,0.5710659898477157,0.3426395939086294,8,0.9137055837563451,10.32258064516129,1.2200000000000002,1.1,23.04093567251462
633,Tino,Livramento,Livramento,2,15,40,1302,1,0,0.38,0.83,2,27,28.63,0,4,45,1,0,Tino Livramento,Defender,Newcastle,4.0,Sufficient Sample,0.06912442396313365,0.0,1,0.06912442396313365,11.25,0.62,-0.83,38.07017543859649
634,Alex,Murphy,A.Murphy,2,15,39,11,0,0,0.0,0.0,0,0,0.08,0,0,2,0,0,Alex Murphy,Defender,Newcastle,3.9,Low Sample,0.0,0.0,0,0.0,0.5128205128205129,0.0,0.0,0.32163742690058483
635,Lewis,Miley,Miley,3,15,45,1203,1,3,1.22,1.08,1,29,30.2,0,1,44,1,0,Lewis Miley,Midfielder,Newcastle,4.5,Sufficient Sample,0.07481296758104738,0.22443890274314213,4,0.29925187032418954,9.777777777777779,-0.21999999999999997,1.92,35.175438596491226
738,Amadou,Diallo,Diallo,3,15,45,1,0,0,0.0,0.0,0,0,0.0,0,0,1,0,0,Amadou Diallo,Midfielder,Newcastle,4.5,Low Sample,0.0,0.0,0,0.0,0.2222222222222222,0.0,0.0,0.029239766081871347
739,Ben,Parkinson,Parkinson,4,15,45,24,0,0,0.0,0.0,0,1,1.76,0,0,1,0,0,Ben Parkinson,Forward,Newcastle,4.5,Low Sample,0.0,0.0,0,0.0,0.2222222222222222,0.0,0.0,0.7017543859649122
745,Michael,Ndiweni,Ndiweni,4,15,44,1,0,0,0.0,0.0,0,0,0.0,0,0,1,0,0,Michael Ndiweni,Forward,Newcastle,4.4,Low Sample,0.0,0.0,0,0.0,0.22727272727272727,0.0,0.0,0.029239766081871347
794,Joe,White,White,3,15,45,12,0,0,0.0,0.0,0,0,0.24,0,0,3,1,0,Joe White,Midfielder,Newcastle,4.5,Low Sample,0.0,0.0,0,0.0,0.6666666666666666,0.0,0.0,0.3508771929824561
795,Travis,Hernes,Hernes,3,15,45,0,0,0,0.0,0.0,0,0,0.0,0,0,0,0,0,Travis Hernes,Midfielder,Newcastle,4.5,Low Sample,0.0,0.0,0,0.0,0.0,0.0,0.0,0.0
23,Nuno,Varela Tavares,Tavares,2,16,40,454,0,0,0.16,0.38,1,9,4.97,0,0,11,2,0,Nuno Varela Tavares,Defender,Nott'm Forest,4.0,Sufficient Sample,0.0,0.0,0,0.0,2.75,-0.16,-0.38,13.27485380116959
28,Matt,Turner,Turner,1,16,37,1530,0,0,0.0,0.0,2,28,25.43,55,0,41,2,0,Matt Turner,Goalkeeper,Nott'm Forest,3.7,Sufficient Sample,0.0,0.0,0,0.0,11.08108108108108,0.0,0.0,44.73684210526316
205,Callum,Hudson-Odoi,Hudson-Odoi,3,16,47,1846,8,2,2.65,2.02,2,41,28.38,0,14,109,0,0,Callum Hudson-Odoi,Midfielder,Nott'm Forest,4.7,Sufficient Sample,0.390032502708559,0.09750812567713975,10,0.4875406283856988,23.19148936170213,5.35,-0.020000000000000018,53.9766081871345
378,Anthony,Elanga,Elanga,3,16,49,2424,5,9,6.2,4.04,2,47,39.39,0,5,119,1,0,Anthony Elanga,Midfielder,Nott'm Forest,4.9,Sufficient Sample,0.18564356435643564,0.3341584158415842,14,0.5198019801980198,24.285714285714285,-1.2000000000000002,4.96,70.87719298245614
434,Brandon,Aguilera Zamora,B.Aguilera,3,16,45,4,0,0,0.0,0.0,0,0,0.0,0,0,1,0,0,Brandon Aguilera Zamora,Midfielder,Nott'm Forest,4.5,Low Sample,0.0,0.0,0,0.0,0.2222222222222222,0.0,0.0,0.11695906432748539
435,Harry,Arter,Arter,3,16,43,0,0,0,0.0,0.0,0,0,0.0,0,0,0,0,0,Harry Arter,Midfielder,Nott'm Forest,4.3,Low Sample,0.0,0.0,0,0.0,0.0,0.0,0.0,0.0
436,Serge,Aurier,Aurier,2,16,45,831,0,2,0.16,0.45,1,15,13.94,0,3,27,2,0,Serge Aurier,Defender,Nott'm Forest,4.5,Sufficient Sample,0.0,0.21660649819494587,2,0.21660649819494587,6.0,-0.16,1.55,24.29824561403509
437,Taiwo,Awoniyi,Awoniyi,4,16,63,1036,6,3,4.85,0.9,3,21,15.61,0,5,67,2,0,Taiwo Awoniyi,Forward,Nott'm Forest,6.3,Sufficient Sample,0.5212355212355212,0.2606177606177606,9,0.7818532818532818,10.634920634920634,1.1500000000000004,2.1,30.292397660818715
438,Giulian,Biancone,Biancone,2,16,39,0,0,0,0.0,0.0,0,0,0.0,0,0,0,0,0,Giulian Biancone,Defender,Nott'm Forest,3.9,Low Sample,0.0,0.0,0,0.0,0.0,0.0,0.0,0.0
439,Willy,Boly,Boly,2,16,45,1437,2,1,1.56,0.77,3,26,26.3,0,7,58,1,1,Willy Boly,Defender,Nott'm Forest,4.5,Sufficient Sample,0.12526096033402923,0.06263048016701461,3,0.18789144050104384,12.88888888888889,0.43999999999999995,0.22999999999999998,42.01754385964912
440,Josh,Bowler,Bowler,3,16,45,0,0,0,0.0,0.0,0,0,0.0,0,0,0,0,0,Josh Bowler,Midfielder,Nott'm Forest,4.5,Low Sample,0.0,0.0,0,0.0,0.0,0.0,0.0,0.0
441,Steve,Cook,Cook,2,16,45,0,0,0,0.0,0.0,0,0,0.0,0,0,0,0,0,Steve Cook,Defender,Nott'm Forest,4.5,Low Sample,0.0,0.0,0,0.0,0.0,0.0,0.0,0.0
442,Danilo,dos Santos de Oliveira,Danilo,3,16,53,1787,2,2,1.82,0.94,1,42,28.6,0,4,65,4,0,Danilo dos Santos de Oliveira,Midfielder,Nott'm Forest,5.3,Sufficient Sample,0.10072747621712368,0.10072747621712368,4,0.20145495243424735,12.264150943396228,0.17999999999999994,1.06,52.251461988304094
443,Emmanuel,Dennis,Dennis,4,16,48,0,0,0,0.0,0.0,0,0,0.0,0,0,0,0,0,Emmanuel Dennis,Forward,Nott'm Forest,4.8,Low Sample,0.0,0.0,0,0.0,0.0,0.0,0.0,0.0
444,Mohamed,Dräger,Dräger,2,16,40,0,0,0,0.0,0.0,0,0,0.0,0,0,0,0,0,Mohamed Dräger,Defender,Nott'm Forest,4.0,Low Sample,0.0,0.0,0,0.0,0.0,0.0,0.0,0.0
445,Felipe Augusto,de Almeida Monteiro,Felipe,2,16,44,372,0,0,0.12,0.03,1,10,6.39,0,0,7,4,0,Felipe Augusto de Almeida Monteiro,Defender,Nott'm Forest,4.4,Low Sample,0.0,0.0,0,0.0,1.5909090909090908,-0.12,-0.03,10.87719298245614
446,Remo,Freuler,Freuler,3,16,49,0,0,0,0.0,0.0,0,0,0.0,0,0,0,0,0,Remo Freuler,Midfielder,Nott'm Forest,4.9,Low Sample,0.0,0.0,0,0.0,0.0,0.0,0.0,0.0
447,Morgan,Gibbs-White,Gibbs-White,3,16,57,3156,5,12,6.65,6.79,5,59,49.08,0,13,142,9,0,Morgan Gibbs-White,Midfielder,Nott'm Forest,5.7,Sufficient Sample,0.14258555133079848,0.34220532319391633,17,0.4847908745247148,24.912280701754383,-1.6500000000000004,5.21,92.28070175438596
448,Wayne,Hennessey,Hennessey,1,16,39,0,0,0,0.0,0.0,0,0,0.0,0,0,0,0,0,Wayne Hennessey,Goalkeeper,Nott'm Forest,3.9,Low Sample,0.0,0.0,0,0.0,0.0,0.0,0.0,0.0
449,Ethan,Horvath,Horvath,1,16,43,0,0,0,0.0,0.0,0,0,0.0,0,0,0,0,0,Ethan Horvath,Goalkeeper,Nott'm Forest,4.3,Low Sample,0.0,0.0,0,0.0,0.0,0.0,0.0,0.0
451,Cheikhou,Kouyaté,Kouyaté,3,16,48,206,0,0,0.25,0.04,0,6,5.89,0,0,12,2,0,Cheikhou Kouyaté,Midfielder,Nott'm Forest,4.8,Low Sample,0.0,0.0,0,0.0,2.5,-0.25,-0.04,6.023391812865498
452,Richie,Laryea,Laryea,2,16,45,0,0,0,0.0,0.0,0,0,0.0,0,0,0,0,0,Richie Laryea,Defender,Nott'm Forest,4.5,Low Sample,0.0,0.0,0,0.0,0.0,0.0,0.0,0.0
453,Orel,Mangala,Mangala,3,16,50,1562,1,0,0.77,0.28,3,31,24.5,0,0,40,6,0,Orel Mangala,Midfielder,Nott'm Forest,5.0,Sufficient Sample,0.05761843790012804,0.0,1,0.05761843790012804,8.0,0.22999999999999998,-0.28,45.672514619883046
454,Loïc,Mbe Soh,Mbe Soh,2,16,40,0,0,0,0.0,0.0,0,0,0.0,0,0,0,0,0,Loïc Mbe Soh,Defender,Nott'm Forest,4.0,Low Sample,0.0,0.0,0,0.0,0.0,0.0,0.0,0.0
455,Scott,McKenna,McKenna,2,16,44,416,0,0,0.21,0.17,1,6,5.64,0,1,12,0,0,Scott McKenna,Defender,Nott'm Forest,4.4,Low Sample,0.0,0.0,0,0.0,2.727272727272727,-0.21,-0.17,12.163742690058479
456,Alex,Mighten,Mighten,3,16,44,0,0,0,0.0,0.0,0,0,0.0,0,0,0,0,0,Alex Mighten,Midfielder,Nott'm Forest,4.4,Low Sample,0.0,0.0,0,0.0,0.0,0.0,0.0,0.0
457,Moussa,Niakhaté,Niakhaté,2,16,45,1456,1,0,1.3,0.25,1,36,27.6,0,1,29,3,1,Moussa Niakhaté,Defender,Nott'm Forest,4.5,Sufficient Sample,0.061813186813186816,0.0,1,0.061813186813186816,6.444444444444445,-0.30000000000000004,-0.25,42.57309941520468
458,Lewis,O'Brien,O'Brien,3,16,49,0,0,0,0.0,0.0,0,0,0.0,0,0,0,0,0,Lewis O'Brien,Midfielder,Nott'm Forest,4.9,Low Sample,0.0,0.0,0,0.0,0.0,0.0,0.0,0.0
459,Braian,Ojeda Rodríguez,Ojeda,3,16,45,0,0,0,0.0,0.0,0,0,0.0,0,0,0,0,0,Braian Ojeda Rodríguez,Midfielder,Nott'm Forest,4.5,Low Sample,0.0,0.0,0,0.0,0.0,0.0,0.0,0.0
460,Jonathan,Panzo,Panzo,2,16,40,0,0,0,0.0,0.0,0,0,0.0,0,0,0,0,0,Jonathan Panzo,Defender,Nott'm Forest,4.0,Low Sample,0.0,0.0,0,0.0,0.0,0.0,0.0,0.0
461,Omar,Richards,O.Richards,2,16,44,0,0,0,0.0,0.0,0,0,0.0,0,0,0,0,0,Omar Richards,Defender,Nott'm Forest,4.4,Low Sample,0.0,0.0,0,0.0,0.0,0.0,0.0,0.0
462,Gustavo Henrique,Furtado Scarpa,G.Scarpa,3,16,45,0,0,0,0.0,0.0,0,0,0.0,0,0,0,0,0,Gustavo Henrique Furtado Scarpa,Midfielder,Nott'm Forest,4.5,Low Sample,0.0,0.0,0,0.0,0.0,0.0,0.0,0.0
463,Jonjo,Shelvey,J.Shelvey,3,16,48,0,0,0,0.0,0.0,0,0,0.0,0,0,0,0,0,Jonjo Shelvey,Midfielder,Nott'm Forest,4.8,Low Sample,0.0,0.0,0,0.0,0.0,0.0,0.0,0.0
464,Sam,Surridge,Surridge,4,16,45,0,0,0,0.0,0.0,0,0,0.0,0,0,0,0,0,Sam Surridge,Forward,Nott'm Forest,4.5,Low Sample,0.0,0.0,0,0.0,0.0,0.0,0.0,0.0
465,Harry,Toffolo,Toffolo,2,16,44,1452,1,3,1.1,1.14,2,29,23.83,0,3,52,3,0,Harry Toffolo,Defender,Nott'm Forest,4.4,Sufficient Sample,0.06198347107438017,0.18595041322314051,4,0.24793388429752067,11.818181818181817,-0.10000000000000009,1.86,42.45614035087719
466,Hwang,Ui-jo,Ui-jo,4,16,44,0,0,0,0.0,0.0,0,0,0.0,0,0,0,0,0,Hwang Ui-jo,Forward,Nott'm Forest,4.4,Low Sample,0.0,0.0,0,0.0,0.0,0.0,0.0,0.0
467,Neco,Williams,Williams,2,16,43,1630,0,1,0.74,1.54,1,33,23.05,0,2,39,4,0,Neco Williams,Defender,Nott'm Forest,4.3,Sufficient Sample,0.0,0.05521472392638037,1,0.05521472392638037,9.069767441860465,-0.74,-0.54,47.66081871345029
468,Chris,Wood,Wood,4,16,47,1801,14,1,11.71,0.92,2,34,27.19,0,22,131,0,0,Chris Wood,Forward,Nott'm Forest,4.7,Sufficient Sample,0.699611327040533,0.04997223764575236,15,0.7495835646862853,27.872340425531913,2.289999999999999,0.07999999999999996,52.6608187134503
469,Joe,Worrall,Worrall,2,16,43,438,0,0,0.1,0.31,1,9,9.01,0,3,13,0,1,Joe Worrall,Defender,Nott'm Forest,4.3,Low Sample,0.0,0.0,0,0.0,3.0232558139534884,-0.1,-0.31,12.80701754385965
470,Ryan,Yates,Yates,3,16,48,1979,1,1,2.78,0.59,1,38,31.96,0,1,59,6,0,Ryan Yates,Midfielder,Nott'm Forest,4.8,Sufficient Sample,0.045477513895907026,0.045477513895907026,2,0.09095502779181405,12.291666666666668,-1.7799999999999998,0.41000000000000003,57.86549707602339
604,Olu,Aina,Aina,2,16,45,1690,1,1,0.34,1.01,2,39,29.01,0,2,45,3,0,Olu Aina,Defender,Nott'm Forest,4.5,Sufficient Sample,0.05325443786982248,0.05325443786982248,2,0.10650887573964496,10.0,0.6599999999999999,-0.010000000000000009,49.41520467836257
636,George,Shelvey,G.Shelvey,1,16,39,0,0,0,0.0,0.0,0,0,0.0,0,0,0,0,0,George Shelvey,Goalkeeper,Nott'm Forest,3.9,Low Sample,0.0,0.0,0,0.0,0.0,0.0,0.0,0.0
637,Josh,Powell,Powell,2,16,39,0,0,0,0.0,0.0,0,0,0.0,0,0,0,0,0,Josh Powell,Defender,Nott'm Forest,3.9,Low Sample,0.0,0.0,0,0.0,0.0,0.0,0.0,0.0
679,Gonzalo,Montiel,G.Montiel,2,16,44,796,0,2,0.11,0.79,1,11,11.43,0,4,28,5,0,Gonzalo Montiel,Defender,Nott'm Forest,4.4,Sufficient Sample,0.0,0.22613065326633164,2,0.22613065326633164,6.363636363636363,-0.11,1.21,23.27485380116959
696,Murillo,Santiago Costa dos Santos,Murillo,2,16,45,2790,0,2,1.78,0.64,3,56,42.99,0,1,58,5,0,Murillo Santiago Costa dos Santos,Defender,Nott'm Forest,4.5,Sufficient Sample,0.0,0.06451612903225806,2,0.06451612903225806,12.88888888888889,-1.78,1.3599999999999999,81.57894736842105
710,Odysseas,Vlachodimos,Odysseas,1,16,45,450,0,0,0.0,0.01,1,12,7.48,10,0,12,0,0,Odysseas Vlachodimos,Goalkeeper,Nott'm Forest,4.5,Sufficient Sample,0.0,0.0,0,0.0,2.6666666666666665,0.0,-0.01,13.157894736842104
711,Andrew,Omobamidele,Omobamidele,2,16,45,782,0,0,0.14,0.02,0,15,11.77,0,0,11,2,0,Andrew Omobamidele,Defender,Nott'm Forest,4.5,Sufficient Sample,0.0,0.0,0,0.0,2.4444444444444446,-0.14,-0.02,22.86549707602339
712,Nicolás,Domínguez,Dominguez,3,16,50,1489,2,2,1.3,1.14,6,27,21.2,0,6,67,4,0,Nicolás Domínguez,Midfielder,Nott'm Forest,5.0,Sufficient Sample,0.12088650100738751,0.12088650100738751,4,0.24177300201477503,13.4,0.7,0.8600000000000001,43.538011695906434
713,Ibrahim,Sangaré,Sangaré,3,16,49,1031,0,0,0.67,0.4,4,16,14.75,0,0,25,6,0,Ibrahim Sangaré,Midfielder,Nott'm Forest,4.9,Sufficient Sample,0.0,0.0,0,0.0,5.1020408163265305,-0.67,-0.4,30.146198830409354
714,Divock,Origi,Origi,4,16,50,594,0,1,1.22,0.82,2,6,9.78,0,0,25,1,0,Divock Origi,Forward,Nott'm Forest,5.0,Sufficient Sample,0.0,0.15151515151515152,1,0.15151515151515152,5.0,-1.22,0.18000000000000005,17.36842105263158
779,Jamie,McDonnell,McDonnell,3,16,45,0,0,0,0.0,0.0,0,0,0.0,0,0,0,0,0,Jamie McDonnell,Midfielder,Nott'm Forest,4.5,Low Sample,0.0,0.0,0,0.0,0.0,0.0,0.0,0.0
780,Detlef Esapa,Osong,Osong,4,16,45,0,0,0,0.0,0.0,0,0,0.0,0,0,0,0,0,Detlef Esapa Osong,Forward,Nott'm Forest,4.5,Low Sample,0.0,0.0,0,0.0,0.0,0.0,0.0,0.0
781,Joe,Gardner,Gardner,4,16,45,0,0,0,0.0,0.0,0,0,0.0,0,0,0,0,0,Joe Gardner,Forward,Nott'm Forest,4.5,Low Sample,0.0,0.0,0,0.0,0.0,0.0,0.0,0.0
801,Giovanni,Reyna,Reyna,3,16,46,228,0,1,0.36,0.36,0,3,2.09,0,0,13,0,0,Giovanni Reyna,Midfielder,Nott'm Forest,4.6,Low Sample,0.0,0.39473684210526316,1,0.39473684210526316,2.8260869565217392,-0.36,0.64,6.666666666666667
808,Matz,Sels,Sels,1,16,45,1440,0,0,0.0,0.09,1,27,20.5,37,1,34,1,0,Matz Sels,Goalkeeper,Nott'm Forest,4.5,Sufficient Sample,0.0,0.0,0,0.0,7.555555555555555,0.0,-0.09,42.10526315789473
809,Rodrigo,Duarte Ribeiro,Ribeiro,4,16,45,14,0,0,0.0,0.0,0,0,0.13,0,0,4,0,0,Rodrigo Duarte Ribeiro,Forward,Nott'm Forest,4.5,Low Sample,0.0,0.0,0,0.0,0.8888888888888888,0.0,0.0,0.40935672514619886
27,Auston,Trusty,Trusty,2,17,39,2568,0,0,0.38,0.76,1,81,53.54,0,0,28,4,0,Auston Trusty,Defender,Sheffield Utd,3.9,Sufficient Sample,0.0,0.0,0,0.0,7.17948717948718,-0.38,-0.76,75.08771929824562
33,Cameron,Archer,Archer,4,17,42,1829,4,3,5.28,1.39,2,50,41.38,0,9,82,2,0,Cameron Archer,Forward,Sheffield Utd,4.2,Sufficient Sample,0.19682886823400764,0.14762165117550574,7,0.3444505194095134,19.523809523809522,-1.2800000000000002,1.61,53.4795321637427
255,Mason,Holgate,Holgate,2,17,40,711,0,0,0.55,0.2,0,27,19.41,0,0,1,3,1,Mason Holgate,Defender,Sheffield Utd,4.0,Sufficient Sample,0.0,0.0,0,0.0,0.25,-0.55,-0.2,20.789473684210527
360,James,McAtee,McAtee,3,17,44,1815,3,4,2.98,2.16,2,65,39.34,0,0,77,2,0,James McAtee,Midfielder,Sheffield Utd,4.4,Sufficient Sample,0.1487603305785124,0.1983471074380165,7,0.3471074380165289,17.5,0.020000000000000018,1.8399999999999999,53.07017543859649
471,Anel,Ahmedhodžić,Ahmedhodžić,2,17,43,2649,2,0,3.03,0.58,1,89,61.13,0,4,31,9,1,Anel Ahmedhodžić,Defender,Sheffield Utd,4.3,Sufficient Sample,0.06795016987542468,0.0,2,0.06795016987542468,7.209302325581396,-1.0299999999999998,-0.58,77.45614035087719
472,Jordan,Amissah,Amissah,1,17,39,0,0,0,0.0,0.0,0,0,0.0,0,0,0,0,0,Jordan Amissah,Goalkeeper,Sheffield Utd,3.9,Low Sample,0.0,0.0,0,0.0,0.0,0.0,0.0,0.0
473,George,Baldock,Baldock,2,17,38,968,0,2,0.03,0.63,0,21,22.11,0,2,21,4,0,George Baldock,Defender,Sheffield Utd,3.8,Sufficient Sample,0.0,0.1859504132231405,2,0.1859504132231405,5.526315789473684,-0.03,1.37,28.30409356725146
474,Chris,Basham,Basham,2,17,39,316,0,0,0.12,0.07,0,6,7.12,0,0,8,1,0,Chris Basham,Defender,Sheffield Utd,3.9,Low Sample,0.0,0.0,0,0.0,2.0512820512820515,-0.12,-0.07,9.239766081871345
476,Jayden,Bogle,Bogle,2,17,45,2787,3,3,2.36,1.14,3,79,57.85,0,0,63,9,0,Jayden Bogle,Defender,Sheffield Utd,4.5,Sufficient Sample,0.09687836383207751,0.09687836383207751,6,0.19375672766415503,14.0,0.6400000000000001,1.86,81.49122807017544
477,Rhian,Brewster,Brewster,4,17,49,338,0,0,0.33,0.08,0,8,7.82,0,0,11,0,1,Rhian Brewster,Forward,Sheffield Utd,4.9,Low Sample,0.0,0.0,0,0.0,2.2448979591836733,-0.33,-0.08,9.883040935672515
478,Ismaila,Coulibaly,Coulibaly,3,17,44,0,0,0,0.0,0.0,0,0,0.0,0,0,0,0,0,Ismaila Coulibaly,Midfielder,Sheffield Utd,4.4,Low Sample,0.0,0.0,0,0.0,0.0,0.0,0.0,0.0
479,Adam,Davies,A.Davies,1,17,40,0,0,0,0.0,0.0,0,0,0.0,0,0,0,0,0,Adam Davies,Goalkeeper,Sheffield Utd,4.0,Low Sample,0.0,0.0,0,0.0,0.0,0.0,0.0,0.0
480,John,Egan,Egan,2,17,42,482,0,0,0.17,0.0,0,17,14.85,0,0,1,2,0,John Egan,Defender,Sheffield Utd,4.2,Sufficient Sample,0.0,0.0,0,0.0,0.23809523809523808,-0.17,0.0,14.09356725146199
481,John,Fleck,Fleck,3,17,49,89,0,0,0.0,0.35,0,5,3.15,0,0,3,1,0,John Fleck,Midfielder,Sheffield Utd,4.9,Low Sample,0.0,0.0,0,0.0,0.6122448979591836,0.0,-0.35,2.6023391812865495
482,Wes,Foderingham,Foderingham,1,17,44,2648,0,0,0.0,0.05,1,79,62.03,133,7,70,2,0,Wes Foderingham,Goalkeeper,Sheffield Utd,4.4,Sufficient Sample,0.0,0.0,0,0.0,15.909090909090908,0.0,-0.05,77.42690058479532
483,Daniel,Jebbison,Jebbison,4,17,48,20,0,0,0.0,0.0,0,0,0.94,0,0,1,0,0,Daniel Jebbison,Forward,Sheffield Utd,4.8,Low Sample,0.0,0.0,0,0.0,0.20833333333333334,0.0,0.0,0.5847953216374269
484,Max,Lowe,Lowe,2,17,43,498,0,1,0.58,0.09,0,12,11.1,0,0,13,1,0,Max Lowe,Defender,Sheffield Utd,4.3,Sufficient Sample,0.0,0.18072289156626506,1,0.18072289156626506,3.0232558139534884,-0.58,0.91,14.561403508771932
485,Oliver,McBurnie,McBurnie,4,17,54,1279,6,3,6.91,1.98,1,43,27.74,0,9,66,3,2,Oliver McBurnie,Forward,Sheffield Utd,5.4,Sufficient Sample,0.42220484753713844,0.21110242376856922,9,0.6333072713057076,12.222222222222221,-0.9100000000000001,1.02,37.397660818713454
486,Iliman,Ndiaye,Ndiaye,4,17,55,0,0,0,0.0,0.0,0,0,0.0,0,0,0,0,0,Iliman Ndiaye,Forward,Sheffield Utd,5.5,Low Sample,0.0,0.0,0,0.0,0.0,0.0,0.0,0.0
487,Rhys,Norrington-Davies,Norrington-Davies,2,17,39,109,0,0,0.0,0.0,0,6,2.58,0,0,2,1,0,Rhys Norrington-Davies,Defender,Sheffield Utd,3.9,Low Sample,0.0,0.0,0,0.0,0.5128205128205129,0.0,0.0,3.1871345029239766
488,Oliver,Norwood,Norwood,3,17,48,1429,1,0,1.1,1.23,0,47,35.98,0,3,42,8,0,Oliver Norwood,Midfielder,Sheffield Utd,4.8,Sufficient Sample,0.06298110566829951,0.0,1,0.06298110566829951,8.75,-0.10000000000000009,-1.23,41.78362573099415
489,Ben,Osborn,Osborn,3,17,48,1359,0,2,0.22,0.93,0,40,28.43,0,0,38,3,0,Ben Osborn,Midfielder,Sheffield Utd,4.8,Sufficient Sample,0.0,0.13245033112582782,2,0.13245033112582782,7.916666666666667,-0.22,1.0699999999999998,39.73684210526316
490,William,Osula,Osula,4,17,42,778,0,1,1.64,0.15,0,23,20.19,0,0,25,4,0,William Osula,Forward,Sheffield Utd,4.2,Sufficient Sample,0.0,0.11568123393316196,1,0.11568123393316196,5.9523809523809526,-1.64,0.85,22.748538011695906
576,Jack,Robinson,Robinson,2,17,43,2883,1,1,1.13,0.93,1,83,62.5,0,1,33,10,0,Jack Robinson,Defender,Sheffield Utd,4.3,Sufficient Sample,0.03121748178980229,0.03121748178980229,2,0.06243496357960458,7.674418604651163,-0.1299999999999999,0.06999999999999995,84.29824561403508
587,Anis,Slimane,Slimane,3,17,47,409,0,0,0.97,0.13,1,14,9.52,0,0,14,2,0,Anis Slimane,Midfielder,Sheffield Utd,4.7,Low Sample,0.0,0.0,0,0.0,2.978723404255319,-0.97,-0.13,11.95906432748538
592,Yasser,Larouci,Larouci,2,17,43,527,0,0,0.24,0.05,0,11,13.53,0,0,10,1,0,Yasser Larouci,Defender,Sheffield Utd,4.3,Sufficient Sample,0.0,0.0,0,0.0,2.3255813953488373,-0.24,-0.05,15.409356725146198
593,Bénie,Traoré,T.Bénie,4,17,51,383,0,0,0.27,0.46,0,13,11.66,0,0,11,0,0,Bénie Traoré,Forward,Sheffield Utd,5.1,Low Sample,0.0,0.0,0,0.0,2.1568627450980395,-0.27,-0.46,11.198830409356725
638,Vini,de Souza Costa,Vini Souza,3,17,50,2664,1,1,0.61,0.46,1,80,60.24,0,4,73,3,0,Vini de Souza Costa,Midfielder,Sheffield Utd,5.0,Sufficient Sample,0.03378378378378378,0.03378378378378378,2,0.06756756756756756,14.6,0.39,0.54,77.89473684210526
653,Femi,Seriki,Seriki,2,17,39,0,0,0,0.0,0.0,0,0,0.0,0,0,0,0,0,Femi Seriki,Defender,Sheffield Utd,3.9,Low Sample,0.0,0.0,0,0.0,0.0,0.0,0.0,0.0
654,Louie,Marsh,Marsh,4,17,45,0,0,0,0.0,0.0,0,0,0.0,0,0,0,0,0,Louie Marsh,Forward,Sheffield Utd,4.5,Low Sample,0.0,0.0,0,0.0,0.0,0.0,0.0,0.0
655,Andre,Brooks,Brooks,3,17,44,932,0,0,0.49,0.24,1,29,18.53,0,0,26,1,0,Andre Brooks,Midfielder,Sheffield Utd,4.4,Sufficient Sample,0.0,0.0,0,0.0,5.909090909090908,-0.49,-0.24,27.251461988304094
656,Antwoine,Hackford,Hackford,4,17,44,11,0,0,0.0,0.0,0,1,0.12,0,0,2,0,0,Antwoine Hackford,Forward,Sheffield Utd,4.4,Low Sample,0.0,0.0,0,0.0,0.45454545454545453,0.0,0.0,0.32163742690058483
663,Gustavo,Hamer,Hamer,3,17,49,2908,4,7,3.0,4.59,2,83,62.07,0,5,108,9,0,Gustavo Hamer,Midfielder,Sheffield Utd,4.9,Sufficient Sample,0.12379642365887208,0.21664374140302614,11,0.3404401650618982,22.04081632653061,1.0,2.41,85.02923976608187
666,Tom,Davies,T.Davies,3,17,50,214,0,0,0.34,0.06,0,11,7.43,0,0,7,2,0,Tom Davies,Midfielder,Sheffield Utd,5.0,Low Sample,0.0,0.0,0,0.0,1.4,-0.34,-0.06,6.257309941520468
693,Luke,Thomas,Thomas,2,17,40,916,0,0,0.53,0.18,0,29,21.7,0,0,7,3,0,Luke Thomas,Defender,Sheffield Utd,4.0,Sufficient Sample,0.0,0.0,0,0.0,1.75,-0.53,-0.18,26.783625730994153
730,Ryan,Oné,Oné,3,17,44,7,0,0,0.0,0.0,0,2,1.28,0,0,1,0,0,Ryan Oné,Midfielder,Sheffield Utd,4.4,Low Sample,0.0,0.0,0,0.0,0.22727272727272727,0.0,0.0,0.20467836257309943
731,Jili,Buyabu,Buyabu,2,17,40,0,0,0,0.0,0.0,0,0,0.0,0,0,0,0,0,Jili Buyabu,Defender,Sheffield Utd,4.0,Low Sample,0.0,0.0,0,0.0,0.0,0.0,0.0,0.0
759,Sydie,Peck,Peck,3,17,44,9,0,0,0.0,0.0,0,0,0.12,0,0,1,0,0,Sydie Peck,Midfielder,Sheffield Utd,4.4,Low Sample,0.0,0.0,0,0.0,0.22727272727272727,0.0,0.0,0.2631578947368421
775,Ben,Brereton,Brereton Díaz,3,17,50,1105,6,1,5.52,1.07,0,37,23.91,0,5,62,3,0,Ben Brereton,Midfielder,Sheffield Utd,5.0,Sufficient Sample,0.48868778280542985,0.08144796380090497,7,0.5701357466063348,12.4,0.4800000000000004,-0.07000000000000006,32.30994152046784
790,Ivo,Grbic,Grbić,1,17,45,771,0,0,0.0,0.01,0,25,14.32,37,0,15,1,0,Ivo Grbic,Goalkeeper,Sheffield Utd,4.5,Sufficient Sample,0.0,0.0,0,0.0,3.3333333333333335,0.0,-0.01,22.54385964912281
822,Billy,Blacker,Blacker,4,17,45,0,0,0,0.0,0.0,0,0,0.0,0,0,0,0,0,Billy Blacker,Forward,Sheffield Utd,4.5,Low Sample,0.0,0.0,0,0.0,0.0,0.0,0.0,0.0
823,Oliver,Arblaster,Arblaster,3,17,45,942,0,0,0.02,0.82,0,28,20.34,0,0,19,2,0,Oliver Arblaster,Midfielder,Sheffield Utd,4.5,Sufficient Sample,0.0,0.0,0,0.0,4.222222222222222,-0.02,-0.82,27.54385964912281
827,Dovydas,Sasnauskas,Sasnauskas,2,17,40,0,0,0,0.0,0.0,0,0,0.0,0,0,0,0,0,Dovydas Sasnauskas,Defender,Sheffield Utd,4.0,Low Sample,0.0,0.0,0,0.0,0.0,0.0,0.0,0.0
828,Sam,Curtis,Curtis,2,17,40,27,0,0,0.0,0.0,0,0,0.27,0,0,1,0,0,Sam Curtis,Defender,Sheffield Utd,4.0,Low Sample,0.0,0.0,0,0.0,0.25,0.0,0.0,0.7894736842105263
857,Owen,Hampson,Hampson,3,17,45,0,0,0,0.0,0.0,0,0,0.0,0,0,0,0,0,Owen Hampson,Midfielder,Sheffield Utd,4.5,Low Sample,0.0,0.0,0,0.0,0.0,0.0,0.0,0.0
450,Brennan,Johnson,Johnson,3,18,58,2317,5,12,10.36,4.3,5,42,43.97,0,9,131,3,0,Brennan Johnson,Midfielder,Spurs,5.8,Sufficient Sample,0.19421665947345707,0.46611998273629696,17,0.660336642209754,22.586206896551726,-5.359999999999999,7.7,67.7485380116959
491,Brandon,Austin,Austin,1,18,39,0,0,0,0.0,0.0,0,0,0.0,0,0,0,0,0,Brandon Austin,Goalkeeper,Spurs,3.9,Low Sample,0.0,0.0,0,0.0,0.0,0.0,0.0,0.0
492,Rodrigo,Bentancur,Bentancur,3,18,54,997,1,1,2.01,1.05,1,25,19.98,0,0,32,7,0,Rodrigo Bentancur,Midfielder,Spurs,5.4,Sufficient Sample,0.09027081243731194,0.09027081243731194,2,0.18054162487462388,5.925925925925926,-1.0099999999999998,-0.050000000000000044,29.152046783625728
493,Yves,Bissouma,Bissouma,3,18,50,2070,0,0,1.18,1.67,7,35,41.3,0,0,44,8,2,Yves Bissouma,Midfielder,Spurs,5.0,Sufficient Sample,0.0,0.0,0,0.0,8.8,-1.18,-1.67,60.526315789473685
494,Bryan,Gil Salvatierra,Bryan,3,18,49,200,0,0,0.67,0.24,0,11,7.19,0,0,12,0,0,Bryan Gil Salvatierra,Midfielder,Spurs,4.9,Low Sample,0.0,0.0,0,0.0,2.4489795918367343,-0.67,-0.24,5.847953216374268
495,Ben,Davies,Davies,2,18,43,1085,1,2,2.34,0.57,1,21,22.43,0,0,34,2,0,Ben Davies,Defender,Spurs,4.3,Sufficient Sample,0.08294930875576037,0.16589861751152074,3,0.2488479262672811,7.906976744186047,-1.3399999999999999,1.4300000000000002,31.725146198830412
496,Eric,Dier,Dier,2,18,42,199,0,0,0.0,0.03,0,8,7.04,0,0,2,0,0,Eric Dier,Defender,Spurs,4.2,Low Sample,0.0,0.0,0,0.0,0.47619047619047616,0.0,-0.03,5.818713450292398
497,Emerson,Leite de Souza Junior,E.Royal,2,18,43,1152,1,0,0.22,0.86,0,31,28.71,0,4,27,4,0,Emerson Leite de Souza Junior,Defender,Spurs,4.3,Sufficient Sample,0.078125,0.0,1,0.078125,6.279069767441861,0.78,-0.86,33.68421052631579
498,Fraser,Forster,Forster,1,18,38,0,0,0,0.0,0.0,0,0,0.0,0,0,0,0,0,Fraser Forster,Goalkeeper,Spurs,3.8,Low Sample,0.0,0.0,0,0.0,0.0,0.0,0.0,0.0
499,Pierre-Emile,Højbjerg,Højbjerg,3,18,51,1289,0,0,0.68,1.57,1,28,26.52,0,0,39,4,0,Pierre-Emile Højbjerg,Midfielder,Spurs,5.1,Sufficient Sample,0.0,0.0,0,0.0,7.647058823529412,-0.68,-1.57,37.69005847953216
500,Harry,Kane,Kane,4,18,125,0,0,0,0.0,0.0,0,0,0.0,0,0,0,0,0,Harry Kane,Forward,Spurs,12.5,Low Sample,0.0,0.0,0,0.0,0.0,0.0,0.0,0.0
501,Dejan,Kulusevski,Kulusevski,3,18,67,2759,8,3,4.95,6.37,8,46,49.32,0,14,130,7,0,Dejan Kulusevski,Midfielder,Spurs,6.7,Sufficient Sample,0.26096411743385284,0.09786154403769481,11,0.35882566147154765,19.402985074626866,3.05,-3.37,80.67251461988305
502,Hugo,Lloris,Lloris,1,18,47,0,0,0,0.0,0.0,0,0,0.0,0,0,0,0,0,Hugo Lloris,Goalkeeper,Spurs,4.7,Low Sample,0.0,0.0,0,0.0,0.0,0.0,0.0,0.0
503,Giovani,Lo Celso,Lo Celso,3,18,48,491,2,2,0.54,1.79,1,12,12.46,0,6,47,2,0,Giovani Lo Celso,Midfielder,Spurs,4.8,Sufficient Sample,0.3665987780040733,0.3665987780040733,4,0.7331975560081466,9.791666666666668,1.46,0.20999999999999996,14.356725146198832
504,James,Maddison,Maddison,3,18,78,2137,4,11,6.53,6.21,7,31,32.54,0,9,117,5,0,James Maddison,Midfielder,Spurs,7.8,Sufficient Sample,0.16846045858680395,0.46326626111371083,15,0.6317267197005147,15.0,-2.5300000000000002,4.79,62.485380116959064
505,Tanguy,Ndombélé Alvaro,Ndombele,3,18,44,0,0,0,0.0,0.0,0,0,0.0,0,0,0,0,0,Tanguy Ndombélé Alvaro,Midfielder,Spurs,4.4,Low Sample,0.0,0.0,0,0.0,0.0,0.0,0.0,0.0
506,Pedro,Porro,Pedro Porro,2,18,59,3090,3,8,2.92,6.18,7,54,58.42,0,20,136,3,0,Pedro Porro,Defender,Spurs,5.9,Sufficient Sample,0.08737864077669902,0.23300970873786406,11,0.3203883495145631,23.050847457627118,0.08000000000000007,1.8200000000000003,90.35087719298247
507,Ivan,Perišić,Perišić,2,18,47,98,0,1,0.12,0.8,0,1,1.44,0,0,6,2,0,Ivan Perišić,Defender,Spurs,4.7,Low Sample,0.0,0.9183673469387756,1,0.9183673469387756,1.276595744680851,-0.12,0.19999999999999996,2.865497076023392
509,Richarlison,de Andrade,Richarlison,3,18,68,1481,11,4,9.49,1.42,7,18,25.59,0,7,122,3,0,Richarlison de Andrade,Midfielder,Spurs,6.8,Sufficient Sample,0.6684672518568535,0.24307900067521945,15,0.9115462525320729,17.941176470588236,1.5099999999999998,2.58,43.30409356725146
510,Joe,Rodon,Rodon,2,18,40,0,0,0,0.0,0.0,0,0,0.0,0,0,0,0,0,Joe Rodon,Defender,Spurs,4.0,Low Sample,0.0,0.0,0,0.0,0.0,0.0,0.0,0.0
511,Cristian,Romero,Romero,2,18,51,2790,5,0,3.25,1.41,7,46,52.55,0,15,107,7,1,Cristian Romero,Defender,Spurs,5.1,Sufficient Sample,0.16129032258064516,0.0,5,0.16129032258064516,20.980392156862745,1.75,-1.41,81.57894736842105
512,Davinson,Sánchez,Sánchez,2,18,44,76,0,0,0.12,0.03,0,2,2.02,0,0,0,1,0,Davinson Sánchez,Defender,Spurs,4.4,Low Sample,0.0,0.0,0,0.0,0.0,-0.12,-0.03,2.2222222222222223
513,Pape Matar,Sarr,Sarr,3,18,44,2063,3,3,3.17,2.09,9,27,34.83,0,4,86,9,0,Pape Matar Sarr,Midfielder,Spurs,4.4,Sufficient Sample,0.13087736306349976,0.13087736306349976,6,0.2617547261269995,19.545454545454543,-0.16999999999999993,0.9100000000000001,60.32163742690059
514,Ryan,Sessegnon,Sessegnon,2,18,44,0,0,0,0.0,0.0,0,0,0.0,0,0,0,0,0,Ryan Sessegnon,Defender,Spurs,4.4,Low Sample,0.0,0.0,0,0.0,0.0,0.0,0.0,0.0
515,Oliver,Skipp,Skipp,3,18,45,691,0,0,0.77,0.5,0,17,17.25,0,0,22,3,0,Oliver Skipp,Midfielder,Spurs,4.5,Sufficient Sample,0.0,0.0,0,0.0,4.888888888888889,-0.77,-0.5,20.2046783625731
516,Son,Heung-min,Son,3,18,100,2934,17,10,11.49,7.87,8,51,53.77,0,25,213,1,0,Son Heung-min,Midfielder,Spurs,10.0,Sufficient Sample,0.5214723926380368,0.3067484662576687,27,0.8282208588957055,21.3,5.51,2.13,85.78947368421052
517,Djed,Spence,Spence,2,18,40,0,0,0,0.0,0.0,0,0,0.0,0,0,0,0,0,Djed Spence,Defender,Spurs,4.0,Low Sample,0.0,0.0,0,0.0,0.0,0.0,0.0,0.0
518,Japhet,Tanganga,Tanganga,2,18,40,0,0,0,0.0,0.0,0,0,0.0,0,0,0,0,0,Japhet Tanganga,Defender,Spurs,4.0,Low Sample,0.0,0.0,0,0.0,0.0,0.0,0.0,0.0
519,Destiny,Udogie,Udogie,2,18,49,2391,2,3,2.42,2.36,5,43,48.7,0,8,79,5,1,Destiny Udogie,Defender,Spurs,4.9,Sufficient Sample,0.07528230865746549,0.11292346298619825,5,0.18820577164366373,16.122448979591837,-0.41999999999999993,0.6400000000000001,69.91228070175438
520,Guglielmo,Vicario,Vicario,1,18,53,3420,0,0,0.0,0.0,7,61,63.58,110,9,112,2,0,Guglielmo Vicario,Goalkeeper,Spurs,5.3,Sufficient Sample,0.0,0.0,0,0.0,21.132075471698116,0.0,0.0,100.0
521,Alfie,Whiteman,Whiteman,1,18,39,0,0,0,0.0,0.0,0,0,0.0,0,0,0,0,0,Alfie Whiteman,Goalkeeper,Spurs,3.9,Low Sample,0.0,0.0,0,0.0,0.0,0.0,0.0,0.0
583,Manor,Solomon,Solomon,3,18,51,196,0,2,0.41,0.75,0,2,1.79,0,2,14,1,0,Manor Solomon,Midfielder,Spurs,5.1,Low Sample,0.0,0.9183673469387756,2,0.9183673469387756,2.7450980392156863,-0.41,1.25,5.730994152046784
639,Micky,van de Ven,Van de Ven,2,18,44,2341,3,0,0.61,0.33,5,38,37.56,0,10,81,5,0,Micky van de Ven,Defender,Spurs,4.4,Sufficient Sample,0.11533532678342588,0.0,3,0.11533532678342588,18.409090909090907,2.39,-0.33,68.45029239766082
640,Dane,Scarlett,Scarlett,4,18,45,19,0,0,0.0,0.0,0,0,0.02,0,0,4,0,0,Dane Scarlett,Forward,Spurs,4.5,Low Sample,0.0,0.0,0,0.0,0.8888888888888888,0.0,0.0,0.5555555555555556
641,Alejo,Véliz,Veliz,4,18,54,45,1,0,0.42,0.0,0,2,1.88,0,0,11,1,0,Alejo Véliz,Forward,Spurs,5.4,Low Sample,2.0,0.0,1,2.0,2.0370370370370368,0.5800000000000001,0.0,1.3157894736842104
702,Ashley,Phillips,Phillips,2,18,40,0,0,0,0.0,0.0,0,0,0.0,0,0,0,0,0,Ashley Phillips,Defender,Spurs,4.0,Low Sample,0.0,0.0,0,0.0,0.0,0.0,0.0,0.0
722,Jamie,Donley,Donley,4,18,45,3,0,0,0.0,0.0,0,1,0.52,0,0,2,1,0,Jamie Donley,Forward,Spurs,4.5,Low Sample,0.0,0.0,0,0.0,0.4444444444444444,0.0,0.0,0.08771929824561403
740,Alfie,Dorrington,Dorrington,2,18,40,0,0,0,0.0,0.0,0,0,0.0,0,0,0,0,0,Alfie Dorrington,Defender,Spurs,4.0,Low Sample,0.0,0.0,0,0.0,0.0,0.0,0.0,0.0
754,Yago,de Santiago Alonso,Yago Santiago,3,18,45,0,0,0,0.0,0.0,0,0,0.0,0,0,0,0,0,Yago de Santiago Alonso,Midfielder,Spurs,4.5,Low Sample,0.0,0.0,0,0.0,0.0,0.0,0.0,0.0
776,Timo,Werner,Werner,4,18,63,808,2,4,3.81,2.93,0,16,11.06,0,5,46,1,0,Timo Werner,Forward,Spurs,6.3,Sufficient Sample,0.22277227722772278,0.44554455445544555,6,0.6683168316831684,7.301587301587301,-1.81,1.0699999999999998,23.625730994152047
777,Radu,Dragusin,Drăgușin,2,18,42,424,0,0,0.14,0.01,1,7,8.2,0,0,14,1,0,Radu Dragusin,Defender,Spurs,4.2,Low Sample,0.0,0.0,0,0.0,3.333333333333333,-0.14,-0.01,12.397660818713451
860,Mikey,Moore,Moore,3,18,45,3,0,0,0.0,0.0,0,0,0.05,0,0,2,0,0,Mikey Moore,Midfielder,Spurs,4.5,Low Sample,0.0,0.0,0,0.0,0.4444444444444444,0.0,0.0,0.08771929824561403
862,Tyrese,Hall,Hall,3,18,45,0,0,0,0.0,0.0,0,0,0.0,0,0,0,0,0,Tyrese Hall,Midfielder,Spurs,4.5,Low Sample,0.0,0.0,0,0.0,0.0,0.0,0.0,0.0
364,Kalvin,Phillips,Phillips,3,19,47,394,0,0,0.22,0.11,0,13,10.75,0,0,10,1,1,Kalvin Phillips,Midfielder,West Ham,4.7,Low Sample,0.0,0.0,0,0.0,2.127659574468085,-0.22,-0.11,11.52046783625731
522,Nayef,Aguerd,N.Aguerd,2,19,44,1857,1,0,1.37,0.41,2,44,38.79,0,0,36,1,1,Nayef Aguerd,Defender,West Ham,4.4,Sufficient Sample,0.048465266558966075,0.0,1,0.048465266558966075,8.181818181818182,-0.3700000000000001,-0.41,54.29824561403509
523,Michail,Antonio,Antonio,4,19,57,1692,6,2,5.45,1.28,5,34,35.84,0,8,78,6,0,Michail Antonio,Forward,West Ham,5.7,Sufficient Sample,0.3191489361702127,0.10638297872340426,8,0.425531914893617,13.68421052631579,0.5499999999999998,0.72,49.473684210526315
524,Alphonse,Areola,Areola,1,19,42,2700,0,0,0.0,0.0,4,53,54.72,138,11,116,1,0,Alphonse Areola,Goalkeeper,West Ham,4.2,Sufficient Sample,0.0,0.0,0,0.0,27.619047619047617,0.0,0.0,78.94736842105263
525,Saïd,Benrahma,Benrahma,3,19,56,611,0,1,1.91,0.77,2,8,12.91,0,0,20,1,0,Saïd Benrahma,Midfielder,West Ham,5.6,Sufficient Sample,0.0,0.14729950900163666,1,0.14729950900163666,3.5714285714285716,-1.91,0.22999999999999998,17.86549707602339
526,Jarrod,Bowen,Bowen,3,19,76,3020,16,6,11.96,4.9,5,63,62.39,0,14,182,2,0,Jarrod Bowen,Midfielder,West Ham,7.6,Sufficient Sample,0.4768211920529801,0.17880794701986755,22,0.6556291390728477,23.947368421052634,4.039999999999999,1.0999999999999996,88.30409356725146
527,Maxwel,Cornet,Cornet,3,19,52,109,1,0,0.4,0.02,0,3,2.82,0,0,13,0,0,Maxwel Cornet,Midfielder,West Ham,5.2,Low Sample,0.8256880733944955,0.0,1,0.8256880733944955,2.5,0.6,-0.02,3.1871345029239766
528,Vladimír,Coufal,Coufal,2,19,45,3135,0,7,0.35,3.01,4,70,66.02,0,9,85,5,1,Vladimír Coufal,Defender,West Ham,4.5,Sufficient Sample,0.0,0.20095693779904306,7,0.20095693779904306,18.88888888888889,-0.35,3.99,91.66666666666666
529,Conor,Coventry,Coventry,3,19,43,0,0,0,0.0,0.0,0,0,0.0,0,0,0,0,0,Conor Coventry,Midfielder,West Ham,4.3,Low Sample,0.0,0.0,0,0.0,0.0,0.0,0.0,0.0
530,Aaron,Cresswell,Cresswell,2,19,42,431,0,0,0.0,0.44,0,11,5.94,0,0,10,1,0,Aaron Cresswell,Defender,West Ham,4.2,Low Sample,0.0,0.0,0,0.0,2.380952380952381,0.0,-0.44,12.60233918128655
531,Flynn,Downes,Downes,3,19,50,0,0,0,0.0,0.0,0,0,0.0,0,0,0,0,0,Flynn Downes,Midfielder,West Ham,5.0,Low Sample,0.0,0.0,0,0.0,0.0,0.0,0.0,0.0
532,Emerson,Palmieri dos Santos,Emerson,2,19,43,3138,1,4,1.64,2.07,5,67,68.08,0,8,82,10,0,Emerson Palmieri dos Santos,Defender,West Ham,4.3,Sufficient Sample,0.028680688336520075,0.1147227533460803,5,0.14340344168260039,19.069767441860467,-0.6399999999999999,1.9300000000000002,91.75438596491227
533,Lukasz,Fabianski,Fabianski,1,19,42,721,0,0,0.0,0.0,1,21,17.0,33,1,24,0,0,Lukasz Fabianski,Goalkeeper,West Ham,4.2,Sufficient Sample,0.0,0.0,0,0.0,5.714285714285714,0.0,0.0,21.081871345029242
534,Pablo,Fornals Malla,P.Fornals,3,19,46,418,0,0,0.31,0.34,1,9,9.49,0,0,19,0,0,Pablo Fornals Malla,Midfielder,West Ham,4.6,Low Sample,0.0,0.0,0,0.0,4.130434782608696,-0.31,-0.34,12.222222222222221
535,Danny,Ings,Ings,4,19,55,389,1,2,1.18,0.26,0,10,10.43,0,4,36,1,0,Danny Ings,Forward,West Ham,5.5,Low Sample,0.23136246786632392,0.46272493573264784,3,0.6940874035989718,6.545454545454546,-0.17999999999999994,1.74,11.374269005847953
536,Ben,Johnson,Johnson,2,19,44,538,0,0,0.25,0.11,1,16,13.03,0,0,17,1,0,Ben Johnson,Defender,West Ham,4.4,Sufficient Sample,0.0,0.0,0,0.0,3.8636363636363633,-0.25,-0.11,15.730994152046785
537,Thilo,Kehrer,Kehrer,2,19,42,19,0,0,0.0,0.0,0,1,0.47,0,0,2,2,0,Thilo Kehrer,Defender,West Ham,4.2,Low Sample,0.0,0.0,0,0.0,0.47619047619047616,0.0,0.0,0.5555555555555556
538,Divin,Mubama,Mubama,4,19,41,75,0,0,0.16,0.01,0,2,2.89,0,0,5,0,0,Divin Mubama,Forward,West Ham,4.1,Low Sample,0.0,0.0,0,0.0,1.2195121951219514,-0.16,-0.01,2.1929824561403506
539,Lucas,Tolentino Coelho de Lima,L.Paquetá,3,19,60,2627,4,6,5.19,4.93,4,52,50.96,0,7,100,10,0,Lucas Tolentino Coelho de Lima,Midfielder,West Ham,6.0,Sufficient Sample,0.13703844689760183,0.20555767034640274,10,0.34259611724400457,16.666666666666668,-1.1900000000000004,1.0700000000000003,76.81286549707602
541,Gianluca,Scamacca,Scamacca,4,19,60,0,0,0,0.0,0.0,0,0,0.0,0,0,0,0,0,Gianluca Scamacca,Forward,West Ham,6.0,Low Sample,0.0,0.0,0,0.0,0.0,0.0,0.0,0.0
542,Tomáš,Souček,Souček,3,19,49,2867,7,2,6.69,1.14,5,64,62.38,0,9,116,7,0,Tomáš Souček,Midfielder,West Ham,4.9,Sufficient Sample,0.21974189047785142,0.06278339727938612,9,0.28252528775723756,23.6734693877551,0.3099999999999996,0.8600000000000001,83.83040935672514
543,Nikola,Vlašić,Vlašić,3,19,45,0,0,0,0.0,0.0,0,0,0.0,0,0,0,0,0,Nikola Vlašić,Midfielder,West Ham,4.5,Low Sample,0.0,0.0,0,0.0,0.0,0.0,0.0,0.0
544,Kurt,Zouma,Zouma,2,19,45,2838,3,0,1.9,0.07,3,63,59.8,0,6,76,3,0,Kurt Zouma,Defender,West Ham,4.5,Sufficient Sample,0.09513742071881606,0.0,3,0.09513742071881606,16.88888888888889,1.1,-0.07,82.98245614035088
577,Angelo,Ogbonna,Ogbonna,2,19,42,634,0,0,0.04,0.06,2,14,15.9,0,0,19,1,0,Angelo Ogbonna,Defender,West Ham,4.2,Sufficient Sample,0.0,0.0,0,0.0,4.523809523809524,-0.04,-0.06,18.538011695906434
642,Edson,Álvarez Velázquez,Álvarez,3,19,50,2375,1,1,1.37,0.81,5,45,49.85,0,3,62,11,0,Edson Álvarez Velázquez,Midfielder,West Ham,5.0,Sufficient Sample,0.037894736842105266,0.037894736842105266,2,0.07578947368421053,12.4,-0.3700000000000001,0.18999999999999995,69.44444444444444
647,Joseph,Anang,Anang,1,19,40,0,0,0,0.0,0.0,0,0,0.0,0,0,0,0,0,Joseph Anang,Goalkeeper,West Ham,4.0,Low Sample,0.0,0.0,0,0.0,0.0,0.0,0.0,0.0
664,James,Ward-Prowse,Ward-Prowse,3,19,57,3000,7,7,6.23,6.3,5,65,63.29,0,19,146,4,0,James Ward-Prowse,Midfielder,West Ham,5.7,Sufficient Sample,0.21,0.21,14,0.42,25.614035087719298,0.7699999999999996,0.7000000000000002,87.71929824561403
676,Konstantinos,Mavropanos,Mavropanos,2,19,45,1500,1,0,1.19,0.09,3,27,29.36,0,3,40,2,0,Konstantinos Mavropanos,Defender,West Ham,4.5,Sufficient Sample,0.06,0.0,1,0.06,8.88888888888889,-0.18999999999999995,-0.09,43.859649122807014
689,Mohammed,Kudus,Kudus,3,19,67,2485,8,9,5.06,3.48,3,61,49.5,0,13,137,6,0,Mohammed Kudus,Midfielder,West Ham,6.7,Sufficient Sample,0.289738430583501,0.32595573440643866,17,0.6156941649899397,20.44776119402985,2.9400000000000004,5.52,72.6608187134503
773,Lewis,Orford,Orford,3,19,45,0,0,0,0.0,0.0,0,0,0.0,0,0,0,0,0,Lewis Orford,Midfielder,West Ham,4.5,Low Sample,0.0,0.0,0,0.0,0.0,0.0,0.0,0.0
774,Kaelan,Casey,Casey,2,19,40,1,0,0,0.0,0.0,0,0,0.0,0,0,1,0,0,Kaelan Casey,Defender,West Ham,4.0,Low Sample,0.0,0.0,0,0.0,0.25,0.0,0.0,0.029239766081871347
784,Oliver,Scarles,Scarles,2,19,40,0,0,0,0.0,0.0,0,0,0.0,0,0,0,0,0,Oliver Scarles,Defender,West Ham,4.0,Low Sample,0.0,0.0,0,0.0,0.0,0.0,0.0,0.0
785,Callum,Marshall,Marshall,4,19,45,0,0,0,0.0,0.0,0,0,0.0,0,0,0,0,0,Callum Marshall,Forward,West Ham,4.5,Low Sample,0.0,0.0,0,0.0,0.0,0.0,0.0,0.0
829,George,Earthy,Earthy,3,19,45,33,1,0,0.35,0.0,0,0,0.16,0,0,8,0,0,George Earthy,Midfielder,West Ham,4.5,Low Sample,2.7272727272727275,0.0,1,2.7272727272727275,1.7777777777777777,0.65,0.0,0.9649122807017544
351,Tommy,Doyle,Doyle,3,20,44,1209,0,0,0.42,0.87,3,24,22.22,0,0,38,2,0,Tommy Doyle,Midfielder,Wolves,4.4,Sufficient Sample,0.0,0.0,0,0.0,8.636363636363635,-0.42,-0.87,35.35087719298245
545,Rayan,Aït-Nouri,Aït-Nouri,2,20,46,2327,2,3,3.12,1.81,3,43,45.79,0,6,77,7,0,Rayan Aït-Nouri,Defender,Wolves,4.6,Sufficient Sample,0.07735281478298238,0.11602922217447358,5,0.19338203695745596,16.73913043478261,-1.12,1.19,68.04093567251462
546,Daniel,Bentley,Bentley,1,20,39,382,0,0,0.0,0.0,2,7,7.79,8,1,18,0,0,Daniel Bentley,Goalkeeper,Wolves,3.9,Low Sample,0.0,0.0,0,0.0,4.615384615384616,0.0,0.0,11.169590643274855
547,Bendegúz,Bolla,Bolla,2,20,40,0,0,0,0.0,0.0,0,0,0.0,0,0,0,0,0,Bendegúz Bolla,Defender,Wolves,4.0,Low Sample,0.0,0.0,0,0.0,0.0,0.0,0.0,0.0
548,Hugo,Bueno López,H.Bueno,2,20,44,727,0,0,0.31,0.68,2,16,12.99,0,0,29,1,0,Hugo Bueno López,Defender,Wolves,4.4,Sufficient Sample,0.0,0.0,0,0.0,6.59090909090909,-0.31,-0.68,21.257309941520468
549,Francisco Jorge,Tomás Oliveira,Chiquinho,3,20,45,0,0,0,0.0,0.0,0,0,0.0,0,0,0,0,0,Francisco Jorge Tomás Oliveira,Midfielder,Wolves,4.5,Low Sample,0.0,0.0,0,0.0,0.0,0.0,0.0,0.0
550,Luke,Cundle,Cundle,3,20,45,0,0,0,0.0,0.0,0,0,0.0,0,0,0,0,0,Luke Cundle,Midfielder,Wolves,4.5,Low Sample,0.0,0.0,0,0.0,0.0,0.0,0.0,0.0
551,Craig,Dawson,Dawson,2,20,45,2209,1,1,1.58,0.42,6,38,38.47,0,6,69,7,0,Craig Dawson,Defender,Wolves,4.5,Sufficient Sample,0.040742417383431415,0.040742417383431415,2,0.08148483476686283,15.333333333333334,-0.5800000000000001,0.5800000000000001,64.5906432748538
552,Fábio,Silva,Fábio Silva,4,20,52,259,0,0,1.12,0.09,1,8,7.2,0,0,8,2,0,Fábio Silva,Forward,Wolves,5.2,Low Sample,0.0,0.0,0,0.0,1.5384615384615383,-1.12,-0.09,7.573099415204679
554,Gonçalo Manuel,Ganchinho Guedes,Guedes,3,20,54,0,0,0,0.0,0.0,0,0,0.0,0,0,0,0,0,Gonçalo Manuel Ganchinho Guedes,Midfielder,Wolves,5.4,Low Sample,0.0,0.0,0,0.0,0.0,0.0,0.0,0.0
555,Joe,Hodge,Hodge,3,20,44,0,0,0,0.0,0.0,0,0,0.0,0,0,0,0,0,Joe Hodge,Midfielder,Wolves,4.4,Low Sample,0.0,0.0,0,0.0,0.0,0.0,0.0,0.0
556,Ki-Jana,Hoever,Hoever,2,20,40,0,0,0,0.0,0.0,0,0,0.0,0,0,0,0,0,Ki-Jana Hoever,Defender,Wolves,4.0,Low Sample,0.0,0.0,0,0.0,0.0,0.0,0.0,0.0
557,Hwang,Hee-chan,Hee Chan,3,20,54,2116,12,3,7.53,2.84,3,37,38.86,0,10,125,6,0,Hwang Hee-chan,Midfielder,Wolves,5.4,Sufficient Sample,0.5103969754253308,0.1275992438563327,15,0.6379962192816635,23.148148148148145,4.47,0.16000000000000014,61.87134502923976
559,João Victor,Gomes da Silva,João Gomes,3,20,49,2646,2,2,1.82,1.76,4,51,53.05,0,3,75,11,0,João Victor Gomes da Silva,Midfielder,Wolves,4.9,Sufficient Sample,0.06802721088435375,0.06802721088435375,4,0.1360544217687075,15.306122448979592,0.17999999999999994,0.24,77.36842105263158
560,Jonathan,Castro Otto,J.Otto,2,20,43,4,0,0,0.0,0.0,0,0,0.07,0,0,1,0,0,Jonathan Castro Otto,Defender,Wolves,4.3,Low Sample,0.0,0.0,0,0.0,0.23255813953488372,0.0,0.0,0.11695906432748539
561,Bruno,Cavaco Jordão,Jordão,3,20,43,0,0,0,0.0,0.0,0,0,0.0,0,0,0,0,0,Bruno Cavaco Jordão,Midfielder,Wolves,4.3,Low Sample,0.0,0.0,0,0.0,0.0,0.0,0.0,0.0
562,Sasa,Kalajdzic,Kalajdžić,4,20,49,158,2,0,1.01,0.26,1,2,2.57,0,4,24,0,0,Sasa Kalajdzic,Forward,Wolves,4.9,Low Sample,1.139240506329114,0.0,2,1.139240506329114,4.897959183673469,0.99,-0.26,4.619883040935672
563,Max,Kilman,Kilman,2,20,44,3420,2,0,1.78,1.12,5,65,67.17,0,3,82,7,0,Max Kilman,Defender,Wolves,4.4,Sufficient Sample,0.05263157894736842,0.0,2,0.05263157894736842,18.636363636363633,0.21999999999999997,-1.12,100.0
564,Tom,King,King,1,20,39,0,0,0,0.0,0.0,0,0,0.0,0,0,0,0,0,Tom King,Goalkeeper,Wolves,3.9,Low Sample,0.0,0.0,0,0.0,0.0,0.0,0.0,0.0
565,Mario,Lemina,Mario Jr.,3,20,49,2969,4,1,4.6,1.26,4,55,60.17,0,13,95,10,1,Mario Lemina,Midfielder,Wolves,4.9,Sufficient Sample,0.12125294712024251,0.030313236780060628,5,0.15156618390030313,19.387755102040813,-0.5999999999999996,-0.26,86.81286549707602
567,Pedro,Lomba Neto,Neto,3,20,55,1516,2,11,3.17,3.69,3,27,29.09,0,8,86,4,0,Pedro Lomba Neto,Midfielder,Wolves,5.5,Sufficient Sample,0.11873350923482849,0.6530343007915567,13,0.7717678100263852,15.636363636363637,-1.17,7.3100000000000005,44.32748538011696
568,Daniel,Castelo Podence,Podence,3,20,53,0,0,0,0.0,0.0,0,0,0.0,0,0,0,0,0,Daniel Castelo Podence,Midfielder,Wolves,5.3,Low Sample,0.0,0.0,0,0.0,0.0,0.0,0.0,0.0
569,José,Malheiro de Sá,José Sá,1,20,50,3037,0,1,0.0,0.0,4,58,59.38,134,8,107,1,0,José Malheiro de Sá,Goalkeeper,Wolves,5.0,Sufficient Sample,0.0,0.02963450773789924,1,0.02963450773789924,21.4,0.0,1.0,88.80116959064327
570,Pablo,Sarabia,Sarabia,3,20,45,1737,4,7,5.52,5.0,6,27,30.95,0,8,99,5,0,Pablo Sarabia,Midfielder,Wolves,4.5,Sufficient Sample,0.20725388601036268,0.3626943005181347,11,0.5699481865284974,22.0,-1.5199999999999996,2.0,50.78947368421053
571,Matija,Šarkić,Šarkić,1,20,40,0,0,0,0.0,0.0,0,0,0.0,0,0,0,0,0,Matija Šarkić,Goalkeeper,Wolves,4.0,Low Sample,0.0,0.0,0,0.0,0.0,0.0,0.0,0.0
572,Nélson,Cabral Semedo,N.Semedo,2,20,45,3084,0,2,0.97,1.69,5,62,69.09,0,0,63,10,1,Nélson Cabral Semedo,Defender,Wolves,4.5,Sufficient Sample,0.0,0.058365758754863814,2,0.058365758754863814,14.0,-0.97,0.31000000000000005,90.17543859649123
573,Toti António,Gomes,Toti,2,20,44,2771,1,4,1.62,0.63,4,49,53.46,0,6,82,7,0,Toti António Gomes,Defender,Wolves,4.4,Sufficient Sample,0.03247924936845904,0.12991699747383617,5,0.1623962468422952,18.636363636363633,-0.6200000000000001,3.37,81.0233918128655
574,Boubacar,Traoré,Boubacar Traore,3,20,43,802,0,0,0.28,0.33,0,23,18.74,0,0,25,4,0,Boubacar Traoré,Midfielder,Wolves,4.3,Sufficient Sample,0.0,0.0,0,0.0,5.813953488372094,-0.28,-0.33,23.450292397660817
590,Matheus,Santos Carneiro Da Cunha,Cunha,4,20,55,2438,12,7,9.49,2.97,6,46,48.51,0,15,135,9,0,Matheus Santos Carneiro Da Cunha,Forward,Wolves,5.5,Sufficient Sample,0.44298605414273995,0.258408531583265,19,0.7013945857260049,24.545454545454547,2.51,4.029999999999999,71.28654970760235
598,Matt,Doherty,Doherty,2,20,43,1136,1,0,0.89,0.86,1,21,23.16,0,1,41,2,0,Matt Doherty,Defender,Wolves,4.3,Sufficient Sample,0.07922535211267606,0.0,1,0.07922535211267606,9.534883720930234,0.10999999999999999,-0.86,33.21637426900585
697,Santiago,Bueno,S.Bueno,2,20,45,819,0,0,0.0,0.01,0,18,20.71,0,0,13,1,0,Santiago Bueno,Defender,Wolves,4.5,Sufficient Sample,0.0,0.0,0,0.0,2.888888888888889,0.0,-0.01,23.94736842105263
698,Enso,González,González,3,20,50,1,0,0,0.0,0.0,0,0,0.0,0,0,1,0,0,Enso González,Midfielder,Wolves,5.0,Low Sample,0.0,0.0,0,0.0,0.2,0.0,0.0,0.029239766081871347
704,Nathan,Fraser,Fraser,4,20,45,183,0,0,0.32,0.06,1,3,3.25,0,0,7,1,0,Nathan Fraser,Forward,Wolves,4.5,Low Sample,0.0,0.0,0,0.0,1.5555555555555556,-0.32,-0.06,5.350877192982456
715,Jean-Ricner,Bellegarde,Bellegarde,3,20,49,948,2,2,1.35,0.76,0,24,26.15,0,1,45,0,1,Jean-Ricner Bellegarde,Midfielder,Wolves,4.9,Sufficient Sample,0.189873417721519,0.189873417721519,4,0.379746835443038,9.183673469387754,0.6499999999999999,1.24,27.719298245614034
749,Matthew,Whittingham,Whittingham,3,20,45,0,0,0,0.0,0.0,0,0,0.0,0,0,0,0,0,Matthew Whittingham,Midfielder,Wolves,4.5,Low Sample,0.0,0.0,0,0.0,0.0,0.0,0.0,0.0
750,Tawanda,Chirewa,Chirewa,3,20,44,138,0,0,0.16,0.07,0,2,1.45,0,0,8,1,0,Tawanda Chirewa,Midfielder,Wolves,4.4,Low Sample,0.0,0.0,0,0.0,1.8181818181818181,-0.16,-0.07,4.035087719298246
751,Justin,Hubner,Hubner,2,20,40,0,0,0,0.0,0.0,0,0,0.0,0,0,0,0,0,Justin Hubner,Defender,Wolves,4.0,Low Sample,0.0,0.0,0,0.0,0.0,0.0,0.0,0.0
769,Owen,Hesketh,Hesketh,3,20,45,0,0,0,0.0,0.0,0,0,0.0,0,0,0,0,0,Owen Hesketh,Midfielder,Wolves,4.5,Low Sample,0.0,0.0,0,0.0,0.0,0.0,0.0,0.0
770,Ty,Barnett,Barnett,3,20,45,0,0,0,0.0,0.0,0,0,0.0,0,0,0,0,0,Ty Barnett,Midfielder,Wolves,4.5,Low Sample,0.0,0.0,0,0.0,0.0,0.0,0.0,0.0
787,Harvey,Griffiths,Griffiths,3,20,45,0,0,0,0.0,0.0,0,0,0.0,0,0,0,0,0,Harvey Griffiths,Midfielder,Wolves,4.5,Low Sample,0.0,0.0,0,0.0,0.0,0.0,0.0,0.0
788,Yerson,Mosquera,Mosquera,2,20,40,0,0,0,0.0,0.0,0,0,0.0,0,0,0,0,0,Yerson Mosquera,Defender,Wolves,4.0,Low Sample,0.0,0.0,0,0.0,0.0,0.0,0.0,0.0
800,Noha,Lemina,N.Lemina,3,20,50,0,0,0,0.0,0.0,0,0,0.0,0,0,0,0,0,Noha Lemina,Midfielder,Wolves,5.0,Low Sample,0.0,0.0,0,0.0,0.0,0.0,0.0,0.0
832,Wesley,Okoduwa,Okoduwa,2,20,40,0,0,0,0.0,0.0,0,0,0.0,0,0,0,0,0,Wesley Okoduwa,Defender,Wolves,4.0,Low Sample,0.0,0.0,0,0.0,0.0,0.0,0.0,0.0
836,Leon,Chiwome,Chiwome,4,20,45,173,0,0,0.1,0.02,0,4,1.89,0,0,5,0,0,Leon Chiwome,Forward,Wolves,4.5,Low Sample,0.0,0.0,0,0.0,1.1111111111111112,-0.1,-0.02,5.058479532163743
840,Fletcher,Holman,Holman,4,20,45,0,0,0,0.0,0.0,0,0,0.0,0,0,0,0,0,Fletcher Holman,Forward,Wolves,4.5,Low Sample,0.0,0.0,0,0.0,0.0,0.0,0.0,0.0
853,Temple,Ojinnaka,Ojinnaka,3,20,45,0,0,0,0.0,0.0,0,0,0.0,0,0,0,0,0,Temple Ojinnaka,Midfielder,Wolves,4.5,Low Sample,0.0,0.0,0,0.0,0.0,0.0,0.0,0.0
